pid,image,session_id,parent_id,command_line,start_s,end_s,duration_s,first_io_s,first_image_s
0,Idle,4294967295,0,,0.05464429999999998,163.12679260000002,163.0721483,,0.05476219999999998
4,System,4294967295,0,,0.05465350000000002,163.2664373,163.2117838,1.7633135999999998,
140,Secure System,4294967295,4,,0.05479149999999999,163.2664797,163.2116882,,
184,Registry,4294967295,4,,0.05479290000000003,163.26665210000002,163.21185920000002,2.3459306,
780,smss.exe,4294967295,4,\SystemRoot\System32\smss.exe,2.3304546999999998,163.2668586,160.93640390000002,2.4049221000000003,
820,autochk.exe,4294967295,780,\??\C:\WINDOWS\system32\autochk.exe *,2.6794459,2.9811015999999997,0.3016556999999995,2.7139128,
944,smss.exe,0,780,\SystemRoot\System32\smss.exe 000000ec 000000c4 ,3.3378614000000004,9.154996699999998,5.817135299999998,8.719747799999999,
1040,csrss.exe,0,944,"%SystemRoot%\system32\csrss.exe ObjectDirectory=\Windows SharedSection=1024,20480,768 Windows=On SubSystemType=Windows ServerDll=basesrv,1 ServerDll=winsrv:UserServerDllInitialization,3 ServerDll=sxssrv,4 ProfileControl=Off MaxRequestThreads=16",8.8036132,163.2730558,154.4694426,8.8102133,
1120,smss.exe,1,780,\SystemRoot\System32\smss.exe 000000d8 000000c4 ,9.149494699999998,163.3414571,154.19196240000002,9.201778,
1128,wininit.exe,0,944,wininit.exe,9.1508256,163.2734833,154.12265770000002,9.168359699999998,
1136,csrss.exe,1,1120,"%SystemRoot%\system32\csrss.exe ObjectDirectory=\Windows SharedSection=1024,20480,768 Windows=On SubSystemType=Windows ServerDll=basesrv,1 ServerDll=winsrv:UserServerDllInitialization,3 ServerDll=sxssrv,4 ProfileControl=Off MaxRequestThreads=16",9.159423199999999,163.2786144,154.11919120000002,9.2378144,
1196,winlogon.exe,1,1120,winlogon.exe,9.2028419,163.28076620000002,154.0779243,9.2160257,
1264,services.exe,0,1128,C:\WINDOWS\system32\services.exe,9.288895899999998,163.2857874,153.9968915,9.341783699999999,
1292,LsaIso.exe,0,1128,\??\C:\WINDOWS\system32\lsaiso.exe -CredGuard -KeyGuard,9.347926399999999,163.28612850000002,153.9382021,9.3597077,
1300,lsass.exe,0,1128,C:\WINDOWS\system32\lsass.exe,9.357492399999998,163.2879629,153.9304705,9.3790354,
1456,svchost.exe,0,1264,C:\WINDOWS\system32\svchost.exe -k DcomLaunch -p,10.120835699999999,163.29202370000002,153.17118800000003,10.179524899999999,
1464,WUDFHost.exe,0,1264,"""C:\Windows\System32\WUDFHost.exe"" -HostGUID:{193a1820-d9ac-4997-8c55-be817523f6aa} -IoEventPortName:\UMDFCommunicationPorts\WUDF\HostProcess-05f89f89-223b-4c30-b928-d0e539f30c43 -SystemEventPortName:\UMDFCommunicationPorts\WUDF\HostProcess-95dba7d3-c762-4f50-a845-f237ab8c2f58 -IoCancelEventPortName:\UMDFCommunicationPorts\WUDF\HostProcess-f0126499-c0c3-4d62-be36-a8b4b478e69c -NonStateChangingEventPortName:\UMDFCommunicationPorts\WUDF\HostProcess-945e6d00-8bf3-49fb-94b1-4571cec2335a -LifetimeId:487dd13f-8f48-4acb-95a9-cb03193081e6 -DeviceGroupId:WudfDefaultDevicePool -HostArg:0",10.1380132,163.293669,153.1556558,10.148195199999998,
1508,fontdrvhost.exe,0,1128,"""fontdrvhost.exe""",10.190504999999998,163.2947098,153.1042048,10.211889099999999,
1516,fontdrvhost.exe,1,1196,"""fontdrvhost.exe""",10.190506699999998,163.2963039,153.1057972,10.3243301,
1620,svchost.exe,0,1264,C:\WINDOWS\system32\svchost.exe -k RPCSS -p,10.383826699999998,163.3244572,152.94063050000003,10.434877899999998,
1680,WUDFHost.exe,0,1264,"""C:\Windows\System32\WUDFHost.exe"" -HostGUID:{193a1820-d9ac-4997-8c55-be817523f6aa} -IoEventPortName:\UMDFCommunicationPorts\WUDF\HostProcess-889efed8-432f-43b9-aa97-22dbe8798662 -SystemEventPortName:\UMDFCommunicationPorts\WUDF\HostProcess-ac3f02ae-bfd4-4ce5-bcd0-e33f1909ee19 -IoCancelEventPortName:\UMDFCommunicationPorts\WUDF\HostProcess-ceac802b-b090-4c7a-8492-f268fdec1985 -NonStateChangingEventPortName:\UMDFCommunicationPorts\WUDF\HostProcess-b9be3618-854f-43b8-9642-228766828f7f -LifetimeId:df268a61-d649-4933-bdd2-2d05120d8834 -DeviceGroupId: -HostArg:0",10.468791399999999,163.3272324,152.85844100000003,10.5552543,
1704,svchost.exe,0,1264,C:\WINDOWS\system32\svchost.exe -k DcomLaunch -p -s LSM,10.497837099999998,163.3281079,152.8302708,10.548830999999998,
1780,LogonUI.exe,1,1196,"""LogonUI.exe"" /flags:0x2 /state0:0xa3bd3055 /state1:0x41c64e6d",10.727805899999998,66.4752053,55.7473994,10.7773615,
1820,dwm.exe,1,1196,"""dwm.exe""",10.7714454,163.3304621,152.5590167,10.8213943,
2040,svchost.exe,0,1264,C:\WINDOWS\system32\svchost.exe -k LocalServiceNoNetwork -p,11.605969799999999,163.3312153,151.7252455,11.706425999999999,
756,svchost.exe,0,1264,C:\WINDOWS\system32\svchost.exe -k netsvcs -p -s wlidsvc,11.606115899999999,163.3345255,151.72840960000002,11.795698699999999,
948,svchost.exe,0,1264,C:\WINDOWS\System32\svchost.exe -k LocalSystemNetworkRestricted -p -s PrintDeviceConfigurationService,11.6069561,132.0020288,120.3950727,11.823549599999998,
1044,svchost.exe,0,1264,C:\WINDOWS\system32\svchost.exe -k UserProfileService -p,11.607619699999999,163.3378084,151.7301887,11.8008952,
1124,svchost.exe,0,1264,C:\WINDOWS\System32\svchost.exe -k NetworkService -s TermService,11.608737699999999,163.3398986,151.7311609,11.800165199999999,
748,svchost.exe,0,1264,C:\WINDOWS\System32\svchost.exe -k wsappx -p -s ClipSVC,11.6197466,163.34189080000002,151.7221442,11.823034499999999,
1248,svchost.exe,0,1264,C:\WINDOWS\System32\svchost.exe -k LocalServiceNetworkRestricted -p -s lmhosts,11.627516799999999,163.34234370000001,151.71482690000002,11.842127699999999,
1276,svchost.exe,0,1264,C:\WINDOWS\System32\svchost.exe -k netsvcs -p -s BDESVC,11.6275173,163.3451727,151.7176554,11.8108709,
2056,svchost.exe,0,1264,C:\WINDOWS\system32\svchost.exe -k LocalSystemNetworkRestricted -p -s HvHost,11.628160399999999,163.3455856,151.71742519999998,11.8759755,
2064,svchost.exe,0,1264,C:\WINDOWS\system32\svchost.exe -k LocalService -p -s nsi,11.635128499999999,163.3461009,151.7109724,11.830685599999999,
2116,svchost.exe,0,1264,C:\WINDOWS\system32\svchost.exe -k LocalServiceNetworkRestricted -s BTAGService,11.6597569,163.3466902,151.68693330000002,11.859249299999998,
2168,svchost.exe,0,1264,C:\WINDOWS\system32\svchost.exe -k LocalService -p -s bthserv,11.674658699999998,163.34766100000002,151.6730023,11.896686399999998,
2228,svchost.exe,0,1264,C:\WINDOWS\system32\svchost.exe -k NetworkService -p,11.736048499999999,163.3486417,151.6125932,11.881928599999998,
2236,svchost.exe,0,1264,C:\WINDOWS\system32\svchost.exe -k LocalService -p -s BthAvctpSvc,11.736153299999998,163.34934710000002,151.61319380000003,12.006396899999999,
2276,svchost.exe,0,1264,C:\WINDOWS\system32\svchost.exe -k LocalServiceNetworkRestricted -p -s TimeBrokerSvc,11.768943199999999,163.3499769,151.5810337,11.9772325,
2340,svchost.exe,0,1264,C:\WINDOWS\System32\svchost.exe -k LocalSystemNetworkRestricted -p -s NcbService,11.7868737,163.3555581,151.5686844,12.050803899999998,
2452,svchost.exe,0,1264,C:\WINDOWS\system32\svchost.exe -k NetworkService -p,11.858225999999998,163.3566501,151.4984241,12.078877799999999,
2576,svchost.exe,0,1264,C:\WINDOWS\system32\svchost.exe -k LocalServiceNetworkRestricted -p -s AppIDSvc,11.9732615,163.3574579,151.3841964,12.197266299999999,
2604,svchost.exe,0,1264,C:\WINDOWS\system32\svchost.exe -k netsvcs -p -s Schedule,11.990223799999999,163.3605622,151.3703384,12.390359199999999,
2640,svchost.exe,0,1264,C:\WINDOWS\system32\svchost.exe -k UserProfileService -p -s ProfSvc,12.020699099999998,163.36133,151.3406309,12.290684099999998,
2688,svchost.exe,0,1264,C:\WINDOWS\system32\svchost.exe -k LocalServiceNetworkRestricted -p -s Dhcp,12.079785499999998,163.3625349,151.28274940000003,12.286545199999999,
2736,IntelCpHDCPSvc.exe,0,1264,C:\WINDOWS\System32\DriverStore\FileRepository\iigd_dch.inf_amd64_5eab2c247814453c\IntelCpHDCPSvc.exe,12.146722899999999,163.36324390000001,151.21652100000003,12.268727199999999,
2748,svchost.exe,0,1264,C:\WINDOWS\system32\svchost.exe -k LocalSystemNetworkRestricted -p -s DisplayEnhancementService,12.161799299999998,163.3640288,151.2022295,12.465494099999999,
2784,svchost.exe,0,1264,C:\WINDOWS\System32\svchost.exe -k CameraMonitor,12.2037383,160.1849194,147.98118110000001,12.4715803,
2800,svchost.exe,0,1264,C:\WINDOWS\System32\svchost.exe -k LocalSystemNetworkRestricted -p -s UmRdpService,12.220919599999998,163.3646227,151.1437031,12.526640899999999,
2840,svchost.exe,0,1264,C:\WINDOWS\system32\svchost.exe -k LocalSystemNetworkRestricted -p -s hidserv,12.2551364,163.3652475,151.1101111,12.493509699999999,
2860,svchost.exe,0,1264,C:\WINDOWS\system32\svchost.exe -k LocalServiceRedirectionGuard -p -s EventSystem,12.273954199999999,163.3658747,151.09192050000001,12.529961599999998,
2908,svchost.exe,0,1264,C:\WINDOWS\System32\svchost.exe -k netprofm -p -s netprofm,12.319509299999998,163.36793070000002,151.04842140000002,12.5375009,
3012,svchost.exe,0,1264,C:\WINDOWS\system32\svchost.exe -k netsvcs -p -s UserManager,12.4436495,163.36870240000002,150.92505290000003,12.633072799999999,
3056,svchost.exe,0,1264,C:\WINDOWS\system32\svchost.exe -k LocalService -p -s DispBrokerDesktopSvc,12.48763,163.36923000000002,150.88160000000002,12.699883699999999,
1028,svchost.exe,0,1264,C:\WINDOWS\system32\svchost.exe -k LocalServiceNoNetworkFirewall -p,12.505213399999999,163.3708445,150.8656311,12.6922901,
3156,svchost.exe,0,1264,C:\WINDOWS\system32\svchost.exe -k LocalSystemNetworkRestricted -s WPDBusEnum,12.5547937,144.81958020000002,132.2647865,12.79708,
3220,upfc.exe,0,1264,C:\WINDOWS\System32\Upfc.exe /launchtype boot /cv QEN26e3XCE+8Zu53S/YB1Q.0,12.572055099999998,12.768450499999998,0.1963954000000001,12.690739599999999,
3404,svchost.exe,0,1264,C:\WINDOWS\system32\svchost.exe -k netsvcsRedirectionGuard -p -s SENS,12.662440899999998,163.371701,150.7092601,12.894994399999998,
3412,svchost.exe,0,1264,C:\WINDOWS\system32\svchost.exe -k netsvcs -s CertPropSvc,12.662441799999998,163.3721585,150.7097167,13.041546499999999,
3616,svchost.exe,0,1264,C:\WINDOWS\system32\svchost.exe -k LocalSystemNetworkRestricted -p -s DeviceAssociationService,12.816125099999999,163.3726375,150.5565124,13.199519999999998,
3728,igfxCUIServiceN.exe,0,1264,C:\WINDOWS\System32\DriverStore\FileRepository\cui_dch.inf_amd64_98abc5cbb5403498\igfxCUIServiceN.exe,12.941978299999999,163.3740246,150.43204630000002,12.980120399999999,
3788,taskhostw.exe,0,2604,taskhostw.exe ExploitGuardPolicy,12.983529999999998,163.57063540000001,150.5871054,16.6814782,
3804,bcmUshUpgradeService.exe,0,1264,C:\WINDOWS\System32\bcmUshUpgradeService.exe,13.003737799999998,163.3746094,150.3708716,13.0874987,
3820,dxgiadaptercache.exe,0,2604,"""C:\WINDOWS\system32\dxgiadaptercache.exe""",13.028812899999998,21.572238,8.5434251,17.0664763,
3856,svchost.exe,0,1264,C:\WINDOWS\System32\svchost.exe -k NetworkService -p -s LanmanWorkstation,13.068471099999998,163.3755665,150.30709539999998,13.295960599999999,
3968,nxtsvc.exe,0,1264,"""C:\Program Files\Nexthink\Collector\Collector\nxtsvc.exe""",13.2612394,163.3781127,150.1168733,13.3163305,
4044,nxtcssu.exe,0,1264,"""C:\Program Files\Nexthink\Collector\Coordinator\nxtcssu.exe""",13.318827099999998,163.3792749,150.06044780000002,13.440598499999998,
4064,nxtcoordinator.exe,0,1264,"""C:\Program Files\Nexthink\Collector\Coordinator\nxtcoordinator.exe""",13.330001399999999,163.3817829,150.0517815,13.4249067,
3184,svchost.exe,0,1264,C:\WINDOWS\system32\svchost.exe -k LocalServiceHttp -p,13.350698999999999,163.3824505,150.0317515,13.669459199999999,
4192,svchost.exe,0,1264,C:\WINDOWS\System32\svchost.exe -k netsvcs -p -s SessionEnv,13.560723499999998,163.3834142,149.8226907,13.723960799999999,
4220,svchost.exe,0,1264,C:\WINDOWS\system32\svchost.exe -k LocalService -p -s FontCache,13.607233299999999,163.38389270000002,149.77665940000003,13.8475022,
4308,ClipRenew.exe,0,2604,"""C:\WINDOWS\system32\ClipRenew.exe"" -e",13.7486743,21.138725,7.3900507000000015,17.0125333,
4396,svchost.exe,0,1264,C:\WINDOWS\System32\svchost.exe -k LocalServiceNetworkRestricted -p -s EventLog,13.803302799999999,163.3873731,149.58407029999998,13.928717599999999,
4496,svchost.exe,0,1264,C:\WINDOWS\system32\svchost.exe -k netsvcs -p -s Winmgmt,13.895975799999999,163.3889878,149.493012,14.0510758,
4520,svchost.exe,0,1264,C:\WINDOWS\System32\svchost.exe -k netsvcs -p -s Themes,13.944130199999998,163.3895939,149.4454637,14.067188599999998,
4528,svchost.exe,0,1264,C:\WINDOWS\system32\svchost.exe -k LocalSystemNetworkRestricted -p -s SysMain,13.947956699999999,163.3906198,149.4426631,14.073759699999998,
4536,svchost.exe,0,1264,C:\WINDOWS\System32\svchost.exe -k LocalSystemNetworkRestricted -p -s CscService,13.955725,163.3918712,149.4361462,14.130928199999998,
4648,MemCompression,4294967295,4,,14.1341735,163.3927165,149.258543,,
4664,nxtcupm.exe,0,4064,"""C:\Program Files\Nexthink\Collector\Coordinator\nxtcupm.exe"" ",14.144070199999998,163.3933867,149.24931650000002,14.198845599999999,
4680,svchost.exe,0,1264,C:\WINDOWS\System32\svchost.exe -k LocalSystemNetworkRestricted -p -s AudioEndpointBuilder,14.162080799999998,163.3940763,149.23199549999998,14.3930818,
4700,conhost.exe,0,4664,\??\C:\WINDOWS\system32\conhost.exe 0xffffffff -ForceV1,14.198553999999998,163.3943883,149.1958343,14.239943799999999,
4708,taskhostw.exe,0,2604,taskhostw.exe TimeSyncTask,14.199667299999998,21.1832407,6.983573400000001,20.3397613,
4728,nxtconnectivity.exe,0,4064,"""C:\Program Files\Nexthink\Collector\ConnectivityData\nxtconnectivity.exe"" ",14.246869099999998,163.3957871,149.148918,14.565118199999999,
4764,conhost.exe,0,4728,\??\C:\WINDOWS\system32\conhost.exe 0xffffffff -ForceV1,14.279648599999998,163.39651650000002,149.11686790000002,,
4792,nxtcltdd.exe,0,4064,"""C:\Program Files\Nexthink\Collector\DeviceData\nxtcltdd.exe"" ",14.3512908,163.39855260000002,149.04726180000003,14.693964699999999,
4840,nxtsessions.exe,0,4064,"""C:\Program Files\Nexthink\Collector\SessionsData\nxtsessions.exe"" ",14.462310699999998,163.4005979,148.93828720000002,14.671077699999998,
4848,conhost.exe,0,4792,\??\C:\WINDOWS\system32\conhost.exe 0xffffffff -ForceV1,14.465591199999999,163.4009378,148.9353466,14.950663899999999,
4884,conhost.exe,0,4840,\??\C:\WINDOWS\system32\conhost.exe 0xffffffff -ForceV1,14.5182969,163.40118900000002,148.88289210000002,,
4968,svchost.exe,0,1264,C:\WINDOWS\System32\svchost.exe -k LocalServiceNetworkRestricted -p,14.620840499999998,163.4024646,148.78162410000002,14.973906399999999,
4996,dsregcmd.exe,0,2604,"""C:\WINDOWS\System32\dsregcmd.exe"" $(Arg0) $(Arg1) $(Arg2)",14.661917399999998,23.8216451,9.159727700000003,21.1347451,
5152,svchost.exe,0,1264,C:\WINDOWS\System32\svchost.exe -k LocalSystemNetworkRestricted -p -s TextInputManagementService,14.991004499999999,163.40340840000002,148.41240390000002,15.1514946,
5236,WmiPrvSE.exe,0,1456,C:\WINDOWS\system32\wbem\wmiprvse.exe -secured -Embedding,15.160513899999998,163.4050154,148.2445015,15.230371499999999,
5272,svchost.exe,0,1264,C:\WINDOWS\system32\svchost.exe -k LocalServiceNetworkRestricted -p -s Wcmsvc,15.199237199999999,163.4060451,148.2068079,15.453131599999997,
5280,svchost.exe,0,1264,C:\WINDOWS\System32\svchost.exe -k LocalServiceNetworkRestricted -p -s DusmSvc,15.226876099999998,163.4066838,148.1798077,15.5404678,
5316,svchost.exe,0,1264,C:\WINDOWS\System32\svchost.exe -k netsvcs -p,15.263965599999999,163.4076555,148.1436899,15.4953384,
5400,svchost.exe,0,1264,C:\WINDOWS\system32\svchost.exe -k appmodel -p -s StateRepository,15.407870599999997,163.40832410000002,148.00045350000002,15.603428799999998,
5408,svchost.exe,0,1264,C:\WINDOWS\system32\svchost.exe -k LocalSystemNetworkRestricted -p -s NgcSvc,15.4214158,163.40897,147.9875542,15.562466799999997,
5436,audiodg.exe,0,4968,C:\WINDOWS\system32\AUDIODG.EXE 0x00000000000005F8 0x00000000000005E4,15.4408765,163.409487,147.9686105,15.4576501,
5600,svchost.exe,0,1264,C:\WINDOWS\system32\svchost.exe -k LocalSystemNetworkRestricted -p -s dot3svc,15.629370499999999,163.4104562,147.7810857,15.922256199999998,
5668,svchost.exe,0,1264,C:\WINDOWS\system32\svchost.exe -k LocalSystemNetworkRestricted -p,15.692309,163.4124319,147.7201229,15.9139565,
5696,svchost.exe,0,1264,C:\WINDOWS\system32\svchost.exe -k LocalServiceNetworkRestricted -p -s NgcCtnrSvc,15.7386088,163.413258,147.6746492,15.942850599999998,
5816,svchost.exe,0,1264,C:\WINDOWS\System32\svchost.exe -k netsvcs -p -s ShellHWDetection,15.9165069,163.4143203,147.4978134,16.1744872,
5860,NgcIso.exe,0,5696,\??\C:\WINDOWS\System32\NgcIso.exe,16.0413855,163.41446770000002,147.37308220000003,16.0620309,
5916,spoolsv.exe,0,1264,C:\WINDOWS\System32\spoolsv.exe,16.2092722,163.415601,147.2063288,16.2768861,
6012,svchost.exe,0,1264,C:\WINDOWS\system32\svchost.exe -k WbioSvcGroup -s WbioSrvc,16.4299945,163.4170578,146.98706330000002,16.5648427,
6020,bcmHostControlService.exe,0,1264,"""C:\WINDOWS\System32\bcmHostControlService.exe""",16.4317187,163.41755750000002,146.9858388,16.4509215,
6028,bcmHostStorageService.exe,0,1264,C:\WINDOWS\System32\bcmHostStorageService.exe,16.433722200000002,163.417969,146.9842468,16.4787079,
6108,conhost.exe,0,4996,\??\C:\WINDOWS\system32\conhost.exe 0xffffffff -ForceV1,16.5251735,24.0235014,7.4983279,17.9310508,
6392,ctfmon.exe,1,5152,/QuitInfo:00000000000003E8;00000000000003EC; ,17.361771700000002,88.26722729999999,70.90545559999998,17.4512724,
6552,svchost.exe,0,1264,C:\WINDOWS\System32\svchost.exe -k NetSvcs -p -s iphlpsvc,17.9004587,163.4190905,145.5186318,18.2145789,
6588,svchost.exe,0,1264,C:\WINDOWS\System32\svchost.exe -k utcsvc -p,17.9491773,163.4196423,145.470465,18.4835855,
6596,CmRcService.exe,0,1264,C:\WINDOWS\CCM\RemCtrl\CmRcService.exe,17.9555961,163.4208533,145.4652572,18.0144727,
6604,svchost.exe,0,1264,C:\WINDOWS\System32\svchost.exe -k LocalServiceNoNetwork -p -s DPS,17.9557131,163.42231180000002,145.46659870000002,18.5750641,
6632,DefendpointService.exe,0,1264,"""C:\Program Files\Avecto\Privilege Guard Client\DefendpointService.exe""",17.9832515,163.424799,145.4415475,18.9198043,
6648,DefendpointBeyondInsightAdapter.exe,0,1264,"""C:\Program Files\Avecto\Privilege Guard Client\DefendpointBeyondInsightAdapter.exe""",18.0071499,163.4273556,145.4202057,19.4488196,
6668,cyserver.exe,0,1264,"""C:\Program Files\Palo Alto Networks\Traps\cyserver.exe""",18.017063,163.4329828,145.41591979999998,18.1175217,
6684,OfficeClickToRun.exe,0,1264,"""C:\Program Files\Common Files\Microsoft Shared\ClickToRun\OfficeClickToRun.exe"" /service",18.0262111,163.43437500000002,145.4081639,18.1146574,
6736,IntelAudioService.exe,0,1264,C:\WINDOWS\System32\DriverStore\FileRepository\intcoed.inf_amd64_673570ff175bfc85\AS\IAS\IntelAudioService.exe,18.0654716,163.435709,145.3702374,18.1501775,
6772,FwSwitchService.exe,0,1264,C:\WINDOWS\Firmware\FwSwitchbin\FwSwitchService.exe,18.1121538,163.4364349,145.3242811,18.3455266,
6780,MpDlpService.exe,0,1264,"""C:\ProgramData\Microsoft\Windows Defender\Platform\4.18.26010.5-0\MpDlpService.exe""",18.1133167,163.4375656,145.3242489,18.6526043,
6812,MpDefenderCoreService.exe,0,1264,"""C:\ProgramData\Microsoft\Windows Defender\Platform\4.18.26010.5-0\MpDefenderCoreService.exe""",18.1463933,163.4384177,145.2920244,18.397577000000002,
6824,svchost.exe,0,1264,C:\WINDOWS\system32\svchost.exe -k LocalService -p -s SstpSvc,18.1666066,163.4389098,145.2723032,19.3137776,
6852,RstMwService.exe,0,1264,C:\WINDOWS\System32\DriverStore\FileRepository\iastorvd.inf_amd64_07f78c7ceeb909f7\RstMwService.exe,18.1924511,49.367389499999994,31.174938399999995,18.272094,
6872,svchost.exe,0,1264,C:\WINDOWS\system32\svchost.exe -k netsvcs -p -s LanmanServer,18.2339545,163.4396505,145.205696,19.272818700000002,
6888,esif_uf.exe,0,1264,"""C:\WINDOWS\System32\DriverStore\FileRepository\dptf_cpu.inf_amd64_c2c5b0e17a28a48f\esif_uf.exe""",18.2482355,163.4399128,145.1916773,27.2998251,
6900,svchost.exe,0,1264,C:\WINDOWS\System32\svchost.exe -k LocalSystemNetworkRestricted -p -s TrkWks,18.2643452,163.4403834,145.1760382,19.3751291,
6916,RtkAudUService64.exe,0,1264,C:\WINDOWS\System32\DriverStore\FileRepository\realtekservice.inf_amd64_434f4faf6aa034b3\RtkAudUService64.exe,18.2702616,163.4421289,145.1718673,18.6242235,
6956,svchost.exe,0,1264,C:\WINDOWS\System32\svchost.exe -k NetSvcs -p -s NcaSvc,18.304166600000002,21.565822,3.2616553999999987,19.3618719,
6972,TbtP2pShortcutService.exe,0,1264,"""C:\WINDOWS\TbtP2pShortcutService.exe""",18.3163472,163.44252550000002,145.12617830000002,18.6848264,
7028,MsSense.exe,0,1264,"""C:\Program Files\Windows Defender Advanced Threat Protection\MsSense.exe""",18.377344400000002,163.446149,145.0688046,18.7193168,
7080,WMIRegistrationService.exe,0,1264,C:\WINDOWS\System32\DriverStore\FileRepository\mewmiprov.inf_amd64_d7a222f6ce13d429\WMIRegistrationService.exe,18.4780047,163.4469742,144.96896950000001,18.6631869,
7092,TeamViewer_Service.exe,0,1264,"""C:\Program Files\TeamViewer\TeamViewer_Service.exe""",18.4787209,163.4498257,144.97110479999998,18.7066866,
7108,xdrhealth.exe,0,1264,"""C:\Program Files\Palo Alto Networks\Cortex XDR Health Helper\xdrhealth.exe""",18.5000478,42.78724999999999,24.287202199999992,18.6617124,
7048,WavesSysSvc64.exe,0,1264,C:\WINDOWS\System32\DriverStore\FileRepository\wavesapo10de.inf_amd64_db3f3288eba6a142\WavesSysSvc64.exe,18.501795,163.4514823,144.9496873,18.7555554,
7128,ZSAService.exe,0,1264,"""C:\Program Files (x86)\Zscaler\ZSAService\ZSAService.exe""",18.5177993,163.4527814,144.93498209999998,18.6863305,
7140,MsMpEng.exe,0,1264,"""C:\ProgramData\Microsoft\Windows Defender\Platform\4.18.26010.5-0\MsMpEng.exe""",18.5332361,163.4565039,144.9232678,18.832144,
7164,WavesAudioService.exe,0,1264,C:\WINDOWS\System32\DriverStore\FileRepository\wavesapo10de.inf_amd64_db3f3288eba6a142\WavesAudioService.exe,18.6022107,163.4573349,144.8551242,19.0575632,
6344,svchost.exe,0,1264,C:\WINDOWS\system32\svchost.exe -k netsvcs -p -s WpnService,18.62136,163.4585265,144.8371665,19.2713086,
7288,jhi_service.exe,0,1264,C:\WINDOWS\System32\DriverStore\FileRepository\dal.inf_amd64_b5484efd38adbe8d\jhi_service.exe,18.8103712,163.45905100000002,144.64867980000002,,
7384,SccmRdpsystem.exe,0,6596,SccmRdpSystem.exe -RestoreSystemState,18.9315823,19.3296116,0.39802930000000103,19.194473,
8096,DeviceEnroller.exe,0,2604,"""C:\WINDOWS\system32\deviceenroller.exe"" /o ""906E1477-50EA-43FA-80C5-F8B2A9B683A1"" /c /y",19.6136205,163.4590556,143.8454351,20.3691145,
8104,DeviceEnroller.exe,0,2604,"""C:\WINDOWS\system32\deviceenroller.exe"" /o ""1CB9CACB-E0DB-406F-A832-2C2FA984AF46"" /c /y",19.6149259,26.7979033,7.182977400000002,20.6577701,
8184,svchost.exe,0,1264,C:\WINDOWS\System32\svchost.exe -k netsvcs,19.780124700000002,163.4607004,143.68057570000002,20.0652752,
8212,WmiPrvSE.exe,0,1456,C:\WINDOWS\system32\wbem\wmiprvse.exe -Embedding,20.0913064,163.4627295,143.3714231,20.6336101,
8664,wevtutil.exe,0,7140,"C:\WINDOWS\system32\wevtutil.exe uninstall-manifest ""C:\ProgramData\Microsoft\Windows Defender\Platform\4.18.26010.5-0\Microsoft-Antimalware-AMFilter.man""",20.8014734,21.6965684,0.8950950000000013,20.8262271,
8684,conhost.exe,0,8664,\??\C:\WINDOWS\system32\conhost.exe 0xffffffff -ForceV1,20.837959,21.7091751,0.871216099999998,,
8832,crashpad_handler.exe,0,7092,"""C:\Program Files\TeamViewer\crashpad_handler.exe"" --no-rate-limit ""--database=C:\Program Files\TeamViewer\ErrorReports\Service"" ""--metrics-dir=C:\Program Files\TeamViewer\ErrorReports\Service"" --url=https://errorreporting.teamviewer.com:443/api/4/minidump/?sentry_client=sentry.native/0.9.1&sentry_key=cd8e0dbb3c0613d4ca1ba29eb8f8c76a ""--attachment=C:\Program Files\TeamViewer\ErrorReports\Service\09889184-a0f0-4e43-205a-da71b1591336.run\__sentry-event"" ""--attachment=C:\Program Files\TeamViewer\ErrorReports\Service\09889184-a0f0-4e43-205a-da71b1591336.run\__sentry-breadcrumb1"" ""--attachment=C:\Program Files\TeamViewer\ErrorReports\Service\09889184-a0f0-4e43-205a-da71b1591336.run\__sentry-breadcrumb2"" --initial-client-data=0x768,0x76c,0x778,0x750,0x77c,0x7ff661a59508,0x7ff661a59520,0x7ff661a59538",21.2417873,163.4631942,142.2214069,21.2937103,
9120,wevtutil.exe,0,7140,"C:\WINDOWS\system32\wevtutil.exe install-manifest ""C:\ProgramData\Microsoft\Windows Defender\Platform\4.18.26010.5-0\Microsoft-Antimalware-AMFilter.man"" ""/resourceFilePath:C:\ProgramData\Microsoft\Windows Defender\Platform\4.18.26010.5-0\Drivers\WdFilter.sys"" ""/messageFilePath:C:\ProgramData\Microsoft\Windows Defender\Platform\4.18.26010.5-0\Drivers\WdFilter.sys"" ""/parameterFilePath:C:\ProgramData\Microsoft\Windows Defender\Platform\4.18.26010.5-0\Drivers\WdFilter.sys""",21.7026424,22.6533682,0.9507258000000007,,
9192,sc.exe,0,7128,"""C:\WINDOWS\Sysnative\sc.exe"" stop ZSAUpm",21.8678754,22.2075432,0.33966780000000085,21.9162635,
9200,conhost.exe,0,9120,\??\C:\WINDOWS\system32\conhost.exe 0xffffffff -ForceV1,21.9072497,22.678266100000002,0.7710164000000006,,
7592,conhost.exe,0,9192,\??\C:\WINDOWS\system32\conhost.exe 0xffffffff -ForceV1,21.932153200000002,22.2156186,0.2834653999999972,,
6504,sppsvc.exe,0,1264,C:\WINDOWS\system32\sppsvc.exe,22.0028587,134.06934,112.0664813,22.042017,
8588,wevtutil.exe,0,7140,"C:\WINDOWS\system32\wevtutil.exe uninstall-manifest ""C:\ProgramData\Microsoft\Windows Defender\Platform\4.18.26010.5-0\Microsoft-Windows-Windows Defender.man""",22.7369944,24.7184402,1.9814457999999995,23.0237914,
7428,conhost.exe,0,8588,\??\C:\WINDOWS\system32\conhost.exe 0xffffffff -ForceV1,22.8304157,24.7633539,1.9329381999999988,,
9344,cysandbox.exe,0,6668,"""C:\Program Files\Palo Alto Networks\Traps\cysandbox.exe"" bb4d2925-c821-4477-a7ec-c807697d53a1",23.2992159,163.4637575,140.1645416,23.5306194,
9360,ZSATrayManager.exe,0,1264,"""C:\Program Files (x86)\Zscaler\ZSATrayManager\ZSATrayManager.exe""",23.4045803,37.4755147,14.070934399999999,23.482334,
9368,RtkAudUService64.exe,1,6916,"""C:\WINDOWS\System32\DriverStore\FileRepository\realtekservice.inf_amd64_434f4faf6aa034b3\RtkAudUService64.exe"" -admin",23.4313702,163.4653214,140.0339512,29.3604545,
9412,cortex-xdr-payload.exe,0,6668,c:\ProgramData\Cyvera\LocalSystem\Python\payload\cortex-xdr-payload.exe -config c:\ProgramData\Cyvera\LocalSystem\Python\scripts\service_main.json -type 2,23.5123054,163.4672104,139.954905,23.6627903,
9520,conhost.exe,0,9412,\??\C:\WINDOWS\system32\conhost.exe 0xffffffff -ForceV1,23.6725716,163.46791290000002,139.79534130000002,23.7573972,
9784,svchost.exe,0,1264,C:\WINDOWS\system32\svchost.exe -k WebThreatDefense -p -s webthreatdefsvc,24.3262453,163.4689607,139.1427154,24.5992907,
9828,svchost.exe,0,1264,C:\WINDOWS\System32\svchost.exe -k PeerDist -s PeerDistSvc,24.489225,163.4713444,138.9821194,24.8275698,
9980,wevtutil.exe,0,7140,"C:\WINDOWS\system32\wevtutil.exe install-manifest ""C:\ProgramData\Microsoft\Windows Defender\Platform\4.18.26010.5-0\Microsoft-Windows-Windows Defender.man"" ""/resourceFilePath:C:\ProgramData\Microsoft\Windows Defender\Platform\4.18.26010.5-0\MpEvMsg.dll"" ""/messageFilePath:C:\ProgramData\Microsoft\Windows Defender\Platform\4.18.26010.5-0\MpEvMsg.dll"" ""/parameterFilePath:C:\ProgramData\Microsoft\Windows Defender\Platform\4.18.26010.5-0\MpEvMsg.dll""",24.7495935,29.7317433,4.982149800000002,,
10000,DlpUserAgent.exe,1,6780,"""C:\ProgramData\Microsoft\Windows Defender\Platform\4.18.26010.5-0\DlpUserAgent.exe"" ",24.7616124,163.4719863,138.7103739,25.336848,
10060,ZSAHelper.exe,1,7128,"""C:\Program Files (x86)\Zscaler\ZSAHelper\ZSAHelper.exe"" --childSessionId",24.8584012,25.5134786,0.6550773999999997,25.278679,
10072,conhost.exe,0,9980,\??\C:\WINDOWS\system32\conhost.exe 0xffffffff -ForceV1,24.8792197,29.7595618,4.8803421,,
10232,cmd.exe,0,9412,"C:\WINDOWS\system32\cmd.exe /c ""ver""",25.2567808,25.4738343,0.21705349999999868,25.4065238,
9820,svchost.exe,0,1264,C:\WINDOWS\System32\svchost.exe -k smphost,25.5331957,163.4732051,137.9400094,25.8979476,
10108,sc.exe,0,7128,"""C:\WINDOWS\Sysnative\sc.exe"" stop ZSAUpm",25.724407,25.9916083,0.2672013,,
6484,conhost.exe,0,10108,\??\C:\WINDOWS\system32\conhost.exe 0xffffffff -ForceV1,25.8076374,25.9983066,0.19066919999999854,26.0094203,
10292,TeamViewer.exe,1,7092,"""C:\Program Files\TeamViewer\TeamViewer.exe""",26.3708596,163.47515,137.10429040000002,28.7091109,
10368,WmiPrvSE.exe,0,1456,C:\WINDOWS\system32\wbem\wmiprvse.exe -Embedding,26.5609909,163.4758449,136.914854,27.1087803,
10432,svchost.exe,0,1264,C:\WINDOWS\system32\svchost.exe -k LocalService -p -s CDPSvc,26.8488525,163.4768738,136.6280213,27.1272914,
10528,dptf_helper.exe,1,6888,"""C:\WINDOWS\System32\DriverStore\FileRepository\dptf_cpu.inf_amd64_c2c5b0e17a28a48f\dptf_helper.exe""",27.3081548,163.477379,136.1692242,,
10588,RtkAudUService64.exe,1,6916,"""C:\WINDOWS\System32\DriverStore\FileRepository\realtekservice.inf_amd64_434f4faf6aa034b3\RtkAudUService64.exe"" -admin",27.7098839,31.565926700000002,3.856042800000001,,
10616,ZSATunnel.exe,0,1264,"""C:\Program Files (x86)\Zscaler\ZSATunnel\ZSATunnel.exe""",27.7830906,163.4808518,135.6977612,27.941027899999998,
11004,nxtusm.exe,1,3968,"""C:\Program Files\Nexthink\Collector\Collector\nxtusm.exe""",28.9631726,163.4820867,134.5189141,29.6551939,
11012,unsecapp.exe,1,1456,C:\WINDOWS\system32\wbem\unsecapp.exe -Embedding,28.9949188,163.4827,134.4877812,,
11040,SenseCE.exe,0,7028,"""C:\Program Files\Windows Defender Advanced Threat Protection\Classification\SenseCE.exe"" ""2268"" ""2272"" ""CE_{76138FCC-817A-4F4C-A220-FB3764530527}"" ""14400"" ""60""",29.171451,34.147544499999995,4.976093499999994,29.6416906,
11156,wevtutil.exe,0,7140,"C:\WINDOWS\system32\wevtutil.exe uninstall-manifest ""C:\ProgramData\Microsoft\Windows Defender\Platform\4.18.26010.5-0\Microsoft-Antimalware-Service.man""",29.7582131,30.3427425,0.584529400000001,30.0052688,
11184,conhost.exe,0,11156,\??\C:\WINDOWS\system32\conhost.exe 0xffffffff -ForceV1,29.875974499999998,30.35379,0.47781550000000195,,
11252,wevtutil.exe,0,7140,"C:\WINDOWS\system32\wevtutil.exe install-manifest ""C:\ProgramData\Microsoft\Windows Defender\Platform\4.18.26010.5-0\Microsoft-Antimalware-Service.man"" ""/resourceFilePath:C:\ProgramData\Microsoft\Windows Defender\Platform\4.18.26010.5-0\MpSvc.dll"" ""/messageFilePath:C:\ProgramData\Microsoft\Windows Defender\Platform\4.18.26010.5-0\MpSvc.dll"" ""/parameterFilePath:C:\ProgramData\Microsoft\Windows Defender\Platform\4.18.26010.5-0\MpSvc.dll""",30.362735,31.0346934,0.6719583999999976,30.9132581,
11260,conhost.exe,0,11252,\??\C:\WINDOWS\system32\conhost.exe 0xffffffff -ForceV1,30.4379743,31.0508552,0.6128809000000004,,
10404,SenseCE.exe,0,7028,"""C:\Program Files\Windows Defender Advanced Threat Protection\Classification\SenseCE.exe"" ""2292"" ""2800"" ""PE_{756AEB22-8342-4095-86B0-2E0FB11B7789}"" ""14400"" ""60""",30.8817073,34.168213699999995,3.286506399999997,,
10584,wevtutil.exe,0,7140,"C:\WINDOWS\system32\wevtutil.exe uninstall-manifest ""C:\ProgramData\Microsoft\Windows Defender\Platform\4.18.26010.5-0\Microsoft-Antimalware-NIS.man""",31.0751861,31.551716000000003,0.4765299000000027,31.2910417,
10840,tv_w32.exe,1,7092,"""C:\Program Files\TeamViewer\tv_w32.exe"" --action hooks  --log C:\Program Files\TeamViewer\TeamViewer15_Logfile.log  ",31.3180746,163.4834808,132.1654062,31.395971399999997,
10852,tv_x64.exe,1,7092,"""C:\Program Files\TeamViewer\tv_x64.exe"" --action hooks  --log C:\Program Files\TeamViewer\TeamViewer15_Logfile.log  ",31.3740505,163.48441970000002,132.1103692,31.508093900000002,
9816,wevtutil.exe,0,7140,"C:\WINDOWS\system32\wevtutil.exe install-manifest ""C:\ProgramData\Microsoft\Windows Defender\Platform\4.18.26010.5-0\Microsoft-Antimalware-NIS.man"" ""/resourceFilePath:C:\ProgramData\Microsoft\Windows Defender\Platform\4.18.26010.5-0\NisSrv.exe"" ""/messageFilePath:C:\ProgramData\Microsoft\Windows Defender\Platform\4.18.26010.5-0\NisSrv.exe"" ""/parameterFilePath:C:\ProgramData\Microsoft\Windows Defender\Platform\4.18.26010.5-0\NisSrv.exe""",31.5596346,32.391931699999994,0.8322970999999946,32.2947224,
11020,conhost.exe,0,9816,\??\C:\WINDOWS\system32\conhost.exe 0xffffffff -ForceV1,31.7505925,32.3970992,0.6465066999999998,,
11220,svchost.exe,0,1264,C:\WINDOWS\System32\svchost.exe -k netsvcs -p -s BITS,32.0609389,163.4882215,131.4272826,32.247192299999995,
10568,SenseTracer.exe,0,7028,"""C:\Program Files\Windows Defender Advanced Threat Protection\SenseTracer.exe"" -in:etw -trace -sequence -session:{457BEE55-EC1D-4E69-9B24-0E57877D4E6C} -event:2772 -timer:60 -provider:1044606 -level:31 -d ""C:\ProgramData\Microsoft\Windows Defender Advanced Threat Protection\Trace""",32.3216651,163.4892209,131.1675558,32.5129375,
10848,wevtutil.exe,0,7140,"C:\WINDOWS\system32\wevtutil.exe uninstall-manifest ""C:\ProgramData\Microsoft\Windows Defender\Platform\4.18.26010.5-0\Microsoft-Antimalware-RTP.man""",32.40938069999999,32.8681524,0.4587717000000069,32.6371925,
10688,svchost.exe,0,1264,C:\WINDOWS\system32\svchost.exe -k LocalServiceAndNoImpersonation -p -s SSDPSRV,32.427758399999995,163.4906472,131.06288880000002,32.637813099999995,
10716,conhost.exe,0,10848,\??\C:\WINDOWS\system32\conhost.exe 0xffffffff -ForceV1,32.44796109999999,32.8724638,0.424502700000005,,
11276,wevtutil.exe,0,7140,"C:\WINDOWS\system32\wevtutil.exe install-manifest ""C:\ProgramData\Microsoft\Windows Defender\Platform\4.18.26010.5-0\Microsoft-Antimalware-RTP.man"" ""/resourceFilePath:C:\ProgramData\Microsoft\Windows Defender\Platform\4.18.26010.5-0\MpRtp.dll"" ""/messageFilePath:C:\ProgramData\Microsoft\Windows Defender\Platform\4.18.26010.5-0\MpRtp.dll"" ""/parameterFilePath:C:\ProgramData\Microsoft\Windows Defender\Platform\4.18.26010.5-0\MpRtp.dll""",32.87364109999999,33.3829845,0.5093434000000059,33.2905605,
11284,conhost.exe,0,11276,\??\C:\WINDOWS\system32\conhost.exe 0xffffffff -ForceV1,32.909172399999996,33.3863942,0.47722180000000236,,
11340,wevtutil.exe,0,7140,"C:\WINDOWS\system32\wevtutil.exe uninstall-manifest ""C:\ProgramData\Microsoft\Windows Defender\Platform\4.18.26010.5-0\Microsoft-Antimalware-Protection.man""",33.3962016,33.8681936,0.4719920000000002,33.550186999999994,
11348,conhost.exe,0,11340,\??\C:\WINDOWS\system32\conhost.exe 0xffffffff -ForceV1,33.429784999999995,33.871269299999994,0.44148429999999905,,
11432,wevtutil.exe,0,7140,"C:\WINDOWS\system32\wevtutil.exe install-manifest ""C:\ProgramData\Microsoft\Windows Defender\Platform\4.18.26010.5-0\Microsoft-Antimalware-Protection.man"" ""/resourceFilePath:C:\ProgramData\Microsoft\Windows Defender\Platform\4.18.26010.5-0\MpClient.dll"" ""/messageFilePath:C:\ProgramData\Microsoft\Windows Defender\Platform\4.18.26010.5-0\MpClient.dll"" ""/parameterFilePath:C:\ProgramData\Microsoft\Windows Defender\Platform\4.18.26010.5-0\MpClient.dll""",33.8753391,34.453764299999996,0.5784251999999981,,
11464,conhost.exe,0,11432,\??\C:\WINDOWS\system32\conhost.exe 0xffffffff -ForceV1,33.923542999999995,34.46320539999999,0.5396623999999974,,
11568,svchost.exe,0,1264,C:\WINDOWS\system32\svchost.exe -k osprivacy -p -s camsvc,34.46740319999999,163.49210630000002,129.0247031,34.82514809999999,
11576,svchost.exe,0,1264,C:\WINDOWS\system32\svchost.exe -k wsappx -p -s AppXSvc,34.4721042,163.49420460000002,129.02210040000003,34.6075385,
11592,SenseCE.exe,0,7028,"""C:\Program Files\Windows Defender Advanced Threat Protection\Classification\SenseCE.exe"" ""3400"" ""3100"" ""CE_{ED678A17-21D0-4E0A-A64E-27174865CF5F}"" ""14400"" ""60""",34.492047,42.41946599999999,7.927418999999993,,
11644,cyuserserver.exe,1,6668,"""C:\Program Files\Palo Alto Networks\Traps\cyuserserver.exe""",34.538212699999995,163.49456800000002,128.9563553,34.746160399999994,
11744,svchost.exe,0,1264,C:\WINDOWS\system32\svchost.exe -k WSAIFabricSvcGroup -p -s WSAIFabricSvc,34.759236599999994,163.4953228,128.7360862,35.3702312,
11776,expand.exe,0,7048,"""C:\Windows\System32\expand.exe"" ""C:\WINDOWS\TEMP\MaxxAudio_Data.cab"" ""-F:DeployTable.ini"" ""C:\WINDOWS\TEMP""",34.83029569999999,82.8645069,48.0342112,35.63829929999999,
11800,IntelGraphicsSoftware.Service.exe,0,1264,"""C:\Program Files\WindowsApps\AppUp.IntelArcSoftware_25.52.2110.0_x64__8j3eq9eme6ctt\VFS\ProgramFilesX64\Intel\Intel Graphics Software\IntelGraphicsSoftware.Service.exe""",34.898034599999995,163.4982841,128.60024950000002,41.3637521,
11816,mofcomp.exe,0,7080,"""C:\WINDOWS\system32\wbem\mofcomp.exe"" ""C:\WINDOWS\System32\DriverStore\FileRepository\mewmiprov.inf_amd64_d7a222f6ce13d429\ME\wmi_build.mof""",34.9614115,163.49829,128.5368785,35.0971839,
11848,sc.exe,0,6772,sc failure FirmwareSwitchService reset= 86400 actions= restart/10000/restart/10000/restart/30000,35.009965199999996,35.59332739999999,0.5833621999999963,,
11864,conhost.exe,0,11776,\??\C:\WINDOWS\system32\conhost.exe 0xffffffff -ForceV1,35.06164329999999,35.981084599999996,0.9194413000000026,,
11880,conhost.exe,0,11816,\??\C:\WINDOWS\system32\conhost.exe 0xffffffff -ForceV1,35.1060482,36.375251999999996,1.2692037999999997,35.48482679999999,
11912,conhost.exe,0,11848,\??\C:\WINDOWS\system32\conhost.exe 0xffffffff -ForceV1,35.1917111,35.6086142,0.41690309999999897,,
11932,unsecapp.exe,0,1456,C:\WINDOWS\system32\wbem\unsecapp.exe -Embedding,35.240252,163.49924090000002,128.25898890000002,,
12216,sihost.exe,1,3012,sihost.exe,35.8372842,163.5024143,127.6651301,41.311616099999995,
12228,svchost.exe,1,1264,C:\WINDOWS\system32\svchost.exe -k UnistackSvcGroup -s CDPUserSvc,35.912622,163.50423510000002,127.59161310000002,41.384895699999994,
12236,svchost.exe,1,1264,C:\WINDOWS\system32\svchost.exe -k BthAppGroup -p -s BluetoothUserService,35.919945999999996,163.50543240000002,127.58548640000002,41.463632499999996,
12248,SenseCE.exe,0,7028,"""C:\Program Files\Windows Defender Advanced Threat Protection\Classification\SenseCE.exe"" ""3444"" ""2936"" ""PE_{4FECBA78-5572-4028-AF69-195287F021D4}"" ""14400"" ""60""",35.991371699999995,42.570736399999994,6.579364699999999,,
11368,wlanext.exe,0,5668,C:\WINDOWS\system32\WLANExt.exe 18316912,36.4476526,163.5058378,127.0581852,41.756565099999996,
11476,mofcomp.exe,0,7080,"""C:\WINDOWS\system32\wbem\mofcomp.exe"" ""C:\WINDOWS\System32\DriverStore\FileRepository\mewmiprov.inf_amd64_d7a222f6ce13d429\ME\register.mof""",36.5089979,163.5058415,126.9968436,44.839971399999996,
11540,wermgr.exe,0,2604,"""C:\WINDOWS\system32\wermgr.exe"" -upload",36.867087,163.5657448,126.6986578,43.6279518,
11132,svchost.exe,0,1264,C:\WINDOWS\system32\svchost.exe -k NetworkServiceNetworkRestricted -p -s PolicyAgent,36.9253751,163.5065671,126.58119200000002,42.2138685,
11124,svchost.exe,0,1264,C:\WINDOWS\system32\svchost.exe -k netsvcs -p -s IKEEXT,36.925964799999996,163.5074786,126.58151380000001,42.510650999999996,
11480,expand.exe,0,7048,"""C:\Windows\System32\expand.exe"" ""C:\WINDOWS\TEMP\MaxxAudio_Data.cab"" ""-F:DeployTable.ini"" ""C:\WINDOWS\TEMP""",37.1508152,60.203578099999994,23.052762899999998,60.1875593,
11288,ipconfig.exe,0,10616,"""C:\WINDOWS\Sysnative\ipconfig.exe"" /flushdns",37.6114105,45.0940764,7.482665900000001,,
12076,SenseNdr.exe,0,7028,"""C:\Program Files\Windows Defender Advanced Threat Protection\SenseNdr.exe"" -",37.84071839999999,44.47183149999999,6.6311131,42.98010909999999,
11992,svchost.exe,0,1264,C:\WINDOWS\system32\svchost.exe -k netsvcs -p -s TokenBroker,37.914831899999996,163.5088821,125.5940502,43.14096609999999,
11208,ZSATrayManager.exe,0,1264,"""C:\Program Files (x86)\Zscaler\ZSATrayManager\ZSATrayManager.exe""",38.075587999999996,163.5105743,125.4349863,43.1558697,
8792,taskhostw.exe,0,2604,taskhostw.exe DeviceUpdate,38.4476039,100.504831,62.0572271,60.4140829,
11956,svchost.exe,1,1264,C:\WINDOWS\system32\svchost.exe -k LocalSystemNetworkRestricted -p -s webthreatdefusersvc,41.355078299999995,163.5120273,122.156949,44.666050899999995,
10524,conhost.exe,0,11476,\??\C:\WINDOWS\system32\conhost.exe 0xffffffff -ForceV1,41.611342699999994,45.340012599999994,3.7286699,,
3148,conhost.exe,0,11480,\??\C:\WINDOWS\system32\conhost.exe 0xffffffff -ForceV1,42.3045255,60.231050399999994,17.926524899999997,,
2540,PresentationFontCache.exe,0,1264,C:\WINDOWS\Microsoft.Net\Framework64\v3.0\WPF\PresentationFontCache.exe,42.3489909,163.5129244,121.16393350000001,44.86812259999999,
3528,conhost.exe,0,11288,\??\C:\WINDOWS\system32\conhost.exe 0xffffffff -ForceV1,42.6765128,45.1163082,2.4397954000000013,,
11964,userinit.exe,1,1196,C:\WINDOWS\system32\userinit.exe,42.723996199999995,163.5129314,120.78893520000003,44.997789399999995,
2072,PresentMonService.exe,0,11800,"""PresentMonService.exe"" --control-pipe \\.\pipe\pm2_igs --nsm-prefix Global\NamedSharedMem_igs --etw-session-name pm2_igs --intro-nsm Global\pm2_bip_shm_igs ",42.88173869999999,163.514621,120.6328823,44.96777959999999,
6800,SenseCE.exe,0,7028,"""C:\Program Files\Windows Defender Advanced Threat Protection\Classification\SenseCE.exe"" ""2976"" ""4060"" ""CE_{27D1F5DC-8553-42C9-BF45-A44C43DAE78F}"" ""14400"" ""60""",43.53593729999999,163.5151644,119.9792271,45.998447399999996,
3812,WmiApSrv.exe,0,1264,C:\WINDOWS\system32\wbem\WmiApSrv.exe,43.906447699999994,163.51559070000002,119.60914300000002,45.554994099999995,
3656,svchost.exe,1,1264,C:\WINDOWS\system32\svchost.exe -k UnistackSvcGroup -s WpnUserService,44.6717489,163.5168093,118.84506040000001,45.8702249,
3340,conhost.exe,0,2072,\??\C:\WINDOWS\system32\conhost.exe 0xffffffff -ForceV1,44.976931099999995,163.5171167,118.5401856,,
11988,explorer.exe,1,11964,C:\WINDOWS\Explorer.EXE,45.036957599999994,163.52409070000002,118.48713310000002,46.4258184,
8152,ShellHost.exe,1,12216,"""C:\Windows\System32\ShellHost.exe""",45.3631112,163.5253042,118.162193,46.0748524,
11472,igfxEMN.exe,1,3728,"""C:\WINDOWS\System32\DriverStore\FileRepository\cui_dch.inf_amd64_98abc5cbb5403498\igfxEMN.exe""",45.3934484,163.5262458,118.1327974,46.208552499999996,
12376,SenseNdr.exe,0,7028,"""C:\Program Files\Windows Defender Advanced Threat Protection\SenseNdr.exe"" -",45.79261339999999,59.545109,13.752495600000003,57.79509279999999,
12412,taskhostw.exe,1,2604,taskhostw.exe USER,45.915166299999996,84.58564879999999,38.67048249999999,49.4265262,
12456,SensorLogonTask.exe,0,2604,"""C:\Program Files (x86)\Microsoft Intune Management Extension\SensorLogonTask.exe"" SensorFramework-LogonTask-{100ee514-48c8-f419-6760-6fb8cb2767cd}",45.94947019999999,134.3404433,88.39097310000001,80.41783989999999,
12472,SensorLogonTask.exe,0,2604,"""C:\WINDOWS\CCM\SensorLogonTask.exe"" SensorFramework-LogonTask-{3ba7a2e9-d1d6-3a30-b91a-41f80a8d171d}",45.986626699999995,134.0762175,88.08959080000002,82.5628426,
12480,DeviceEnroller.exe,1,2604,"""C:\WINDOWS\system32\deviceenroller.exe"" /o ""906E1477-50EA-43FA-80C5-F8B2A9B683A1"" /c /lf",45.98807599999999,135.2813792,89.29330320000001,,
12488,MicrosoftEdgeUpdate.exe,0,2604,"""C:\Program Files (x86)\Microsoft\EdgeUpdate\MicrosoftEdgeUpdate.exe"" /c",45.9921801,163.5270767,117.53489660000001,60.9313673,
12648,svchost.exe,0,1264,C:\WINDOWS\system32\svchost.exe -k netsvcs -p -s Appinfo,46.6022008,163.52795840000002,116.92575760000003,50.12251439999999,
12852,DeviceEnroller.exe,1,2604,"""C:\WINDOWS\system32\deviceenroller.exe"" /o ""1CB9CACB-E0DB-406F-A832-2C2FA984AF46"" /c /lf",47.8362663,122.2524742,74.41620789999999,122.0186208,
12896,vdsldr.exe,0,1456,C:\WINDOWS\System32\vdsldr.exe -Embedding,48.1910257,65.24702099999999,17.055995299999992,50.0909036,
12928,svchost.exe,1,1264,C:\WINDOWS\system32\svchost.exe -k ClipboardSvcGroup -p -s cbdhsvc,48.272317699999995,163.5296128,115.2572951,50.508701099999996,
12952,DeviceEnroller.exe,0,2604,"""C:\WINDOWS\system32\deviceenroller.exe"" /o ""1CB9CACB-E0DB-406F-A832-2C2FA984AF46"" /c /PolicyManagerRefreshOnLogin",48.48442849999999,110.5780841,62.093655600000005,60.75284789999999,
13028,taskhostw.exe,1,2604,taskhostw.exe {222A245B-E637-4AE9-A93F-A59CA119A75E},48.78330209999999,163.5304989,114.74719680000001,50.540434899999994,
13044,ipconfig.exe,0,10616,"""C:\WINDOWS\Sysnative\ipconfig.exe"" /flushdns",48.944935599999994,51.14982919999999,2.2048935999999983,,
13120,ZSAHelper.exe,0,11208,"""C:\Program Files (x86)\Zscaler\ZSAHelper\ZSAHelper.exe"" --stopZsawdrvDriver",49.2857959,50.70776599999999,1.4219700999999958,50.31287449999999,
13148,ZSATray.exe,1,11208,ZSATray.exe,49.5295473,163.5334297,114.00388240000001,50.7016516,
13216,conhost.exe,0,13044,\??\C:\WINDOWS\system32\conhost.exe 0xffffffff -ForceV1,50.15405809999999,51.2178682,1.0638101000000049,,
13280,taskhostw.exe,1,2604,taskhostw.exe,50.2326766,56.621638499999996,6.388961899999998,56.4657023,
13292,vds.exe,0,1264,C:\WINDOWS\System32\vds.exe,50.274797099999994,163.5344079,113.25961079999999,56.345758499999995,
5904,CrossDeviceResume.exe,1,12216,"""C:\WINDOWS\SystemApps\MicrosoftWindows.Client.CBS_cw5n1h2txyewy\CrossDeviceResume.exe"" /tileid MicrosoftWindows.Client.CBS_cw5n1h2txyewy!CrossDeviceResumeApp",50.474315,60.30183699999999,9.827521999999995,56.701709799999996,
7576,sc.exe,0,7128,"""sc"" stop ZSAZdp",51.390065899999996,57.649341899999996,6.259276,,
6132,dllhost.exe,1,1456,C:\WINDOWS\system32\DllHost.exe /Processid:{AB8902B4-09CA-4BB6-B78D-A8F59079A8D5},51.9343691,74.1776549,22.243285799999995,55.865652,
13084,SearchHost.exe,1,1456,"""C:\WINDOWS\SystemApps\MicrosoftWindows.Client.CBS_cw5n1h2txyewy\SearchHost.exe"" -ServerName:CortanaUI.AppXstmwaab17q5s3y22tp6apqz7a45vwv65.mca",52.015665,97.6062465,45.5905815,57.078385899999994,
7668,StartMenuExperienceHost.exe,1,1456,"""C:\Windows\SystemApps\Microsoft.Windows.StartMenuExperienceHost_cw5n1h2txyewy\StartMenuExperienceHost.exe"" -ServerName:FullTrustApp.AppXykjsye98af63ez2annt9djke8trg8stn.mca",52.0165015,163.537518,111.5210165,56.03803739999999,
13496,ipconfig.exe,0,10616,"""C:\WINDOWS\Sysnative\ipconfig.exe"" /flushdns",55.309816899999994,57.6710162,2.3611993000000027,56.69640029999999,
13512,SenseCE.exe,0,7028,"""C:\Program Files\Windows Defender Advanced Threat Protection\Classification\SenseCE.exe"" ""3992"" ""3060"" ""PE_{4E1B3012-46B3-40C4-9A5F-D0ED684EBC11}"" ""14400"" ""60""",55.613765599999994,163.5382603,107.9244947,57.08551009999999,
13592,conhost.exe,0,7576,\??\C:\WINDOWS\system32\conhost.exe 0xffffffff -ForceV1,55.8767388,57.692673299999996,1.8159344999999973,57.2232947,
13668,FileCoAuth.exe,1,1456,"""C:\Users\zomhecke\AppData\Local\Microsoft\OneDrive\25.087.0506.0001\FileCoAuth.exe"" -Embedding",56.064409399999995,57.3681875,1.3037781000000024,57.318254499999995,
13816,conhost.exe,0,13496,\??\C:\WINDOWS\system32\conhost.exe 0xffffffff -ForceV1,56.721307499999995,80.91625579999999,24.194948299999993,,
13936,FileCoAuth.exe,1,1456,"""C:\Users\zomhecke\AppData\Local\Microsoft\OneDrive\25.087.0506.0001\FileCoAuth.exe"" -Embedding",57.381236699999995,75.1774397,17.796203,64.5656492,
14012,RuntimeBroker.exe,1,1456,C:\Windows\System32\RuntimeBroker.exe -Embedding,57.66404659999999,163.5400258,105.8759792,57.9886984,
14028,svchost.exe,1,1264,C:\WINDOWS\system32\svchost.exe -k UdkSvcGroup -s UdkUserSvc,57.72971819999999,163.5412485,105.8115303,57.8673867,
2260,ClipRenew.exe,1,2604,"""C:\WINDOWS\system32\ClipRenew.exe""",59.3477257,83.48693879999999,24.139213099999992,64.7512859,
13748,backgroundTaskHost.exe,1,1456,"""C:\WINDOWS\system32\backgroundTaskHost.exe"" -ServerName:SettingsUXHostApp.AppXbcemfss8fnwzwnsjec8qzh0c3jnkn6x0.mca",59.6749095,163.5421667,103.8672572,69.980295,
10492,backgroundTaskHost.exe,1,1456,"""C:\WINDOWS\system32\backgroundTaskHost.exe"" -ServerName:App.AppXe9cvj1thv1hmcw0cs98xm3r97tyzy2xs.mca",59.686807099999996,163.5435185,103.85671140000001,69.45609789999999,
14388,conhost.exe,0,12472,\??\C:\WINDOWS\system32\conhost.exe 0xffffffff -ForceV1,60.50785739999999,134.09291290000002,73.58505550000002,,
14400,conhost.exe,0,12456,\??\C:\WINDOWS\system32\conhost.exe 0xffffffff -ForceV1,60.5135106,134.3571884,73.84367780000002,,
14684,ipconfig.exe,0,10616,"""C:\WINDOWS\Sysnative\ipconfig.exe"" /flushdns",63.59783209999999,64.2690853,0.6712532000000095,,
14696,conhost.exe,0,14684,\??\C:\WINDOWS\system32\conhost.exe 0xffffffff -ForceV1,63.629913099999996,64.2726146,0.6427015000000011,,
14816,netsh.exe,0,10616,"""C:\WINDOWS\system32\netsh.exe"" interface ipv6 show prefixpolicies",64.40013359999999,65.74532959999999,1.3451960000000014,64.4864851,
14856,conhost.exe,0,14816,\??\C:\WINDOWS\system32\conhost.exe 0xffffffff -ForceV1,64.55382929999999,65.80906739999999,1.2552380999999997,64.7319136,
14960,MpCmdRun.exe,0,7140,"""C:\ProgramData\Microsoft\Windows Defender\Platform\4.18.26010.5-0\MpCmdRun.exe"" -RegisterWmiSchema -Root ""C:\ProgramData\Microsoft\Windows Defender\Platform\4.18.26010.5-0""",64.903027,67.0843012,2.1812742000000043,65.25578499999999,
14984,msedgewebview2.exe,1,13084,"""C:\Program Files (x86)\Microsoft\EdgeWebView\Application\145.0.3800.70\msedgewebview2.exe"" --embedded-browser-webview=1 --webview-exe-name=SearchHost.exe --webview-exe-version=2125.34901.0.0 --user-data-dir=""C:\Users\zomhecke\AppData\Local\Packages\MicrosoftWindows.Client.CBS_cw5n1h2txyewy\LocalState\EBWebView"" --noerrdialogs --disable-features=msSmartScreenProtection --edge-webview-enable-mojo-ipcz --enable-features=msEdgeFluentOverlayScrollbar --user-agent=""Mozilla/5.0 (Windows NT 10.0; Win64; x64; Cortana 1.18.9.23723; 10.0.0.0.26100.7840) AppleWebKit/537.36 (KHTML, like Gecko) Chrome/70.0.3538.102 Safari/537.36 Edge/18.26100 IsWebView2/True (WebView2Version 145.0.3800.70)"" --lang=de-DE --mojo-named-platform-channel-pipe=13084.14936.12304269673010219609 /pfhostedapp:41f2faf693b8409358a7c65dd08a63555da9ce50",64.94323519999999,97.94585579999999,33.0026206,67.3448815,
15008,svchost.exe,0,1264,C:\WINDOWS\System32\svchost.exe -k LocalServiceNetworkRestricted -s RmSvc,65.0371067,163.54489850000002,98.50779180000002,65.74851179999999,
15084,MpCmdRun.exe,0,7140,"""C:\ProgramData\Microsoft\Windows Defender\Platform\4.18.26010.5-0\MpCmdRun.exe"" -RasConnectionNotification",65.266134,67.30409449999999,2.037960499999997,67.2830582,
15112,conhost.exe,0,14960,\??\C:\WINDOWS\system32\conhost.exe 0xffffffff -ForceV1,65.34655989999999,67.18818239999999,1.8416224999999997,,
15224,conhost.exe,0,15084,\??\C:\WINDOWS\system32\conhost.exe 0xffffffff -ForceV1,65.9051963,67.3680902,1.4628938999999974,,
15284,SenseDlpProcessor.exe,0,7028,-,66.1007356,163.5458927,97.4451571,66.6297716,
15296,netsh.exe,0,10616,"""C:\WINDOWS\system32\netsh.exe"" interface ipv6 set prefixpolicy ::ffff:0:0/96 46 4 active",66.1200956,68.3653372,2.2452416,,
13396,conhost.exe,0,15296,\??\C:\WINDOWS\system32\conhost.exe 0xffffffff -ForceV1,66.99204309999999,68.5312326,1.5391895000000062,,
13412,MicrosoftEdgeUpdate.exe,0,12488,"""C:\Program Files (x86)\Microsoft\EdgeUpdate\MicrosoftEdgeUpdate.exe"" /ua /installsource core",67.14163359999999,69.1787658,2.037132200000002,67.28748569999999,
13236,msedgewebview2.exe,1,14984,"""C:\Program Files (x86)\Microsoft\EdgeWebView\Application\145.0.3800.70\msedgewebview2.exe"" --type=crashpad-handler --user-data-dir=C:\Users\zomhecke\AppData\Local\Packages\MicrosoftWindows.Client.CBS_cw5n1h2txyewy\LocalState\EBWebView /prefetch:4 /pfhostedapp:41f2faf693b8409358a7c65dd08a63555da9ce50 --monitor-self-annotation=ptype=crashpad-handler --database=C:\Users\zomhecke\AppData\Local\Packages\MicrosoftWindows.Client.CBS_cw5n1h2txyewy\LocalState\EBWebView\Crashpad --annotation=IsOfficialBuild=1 --annotation=channel= --annotation=chromium-version=145.0.7632.110 ""--annotation=exe=C:\Program Files (x86)\Microsoft\EdgeWebView\Application\145.0.3800.70\msedgewebview2.exe"" --annotation=plat=Win64 ""--annotation=prod=Edge WebView2"" --annotation=ver=145.0.3800.70 --initial-client-data=0x180,0x184,0x188,0x15c,0x190,0x7ffaecc80f18,0x7ffaecc80f24,0x7ffaecc80f30",67.7144635,97.6499451,29.935481600000003,69.30280429999999,
3932,SenseTVM.exe,0,7028,-,68.1195419,163.5470546,95.4275127,68.4226661,
4904,msedgewebview2.exe,1,14984,"""C:\Program Files (x86)\Microsoft\EdgeWebView\Application\145.0.3800.70\msedgewebview2.exe"" --type=gpu-process --noerrdialogs --user-agent=""Mozilla/5.0 (Windows NT 10.0; Win64; x64; Cortana 1.18.9.23723; 10.0.0.0.26100.7840) AppleWebKit/537.36 (KHTML, like Gecko) Chrome/70.0.3538.102 Safari/537.36 Edge/18.26100 IsWebView2/True (WebView2Version 145.0.3800.70)"" --user-data-dir=""C:\Users\zomhecke\AppData\Local\Packages\MicrosoftWindows.Client.CBS_cw5n1h2txyewy\LocalState\EBWebView"" --webview-exe-name=SearchHost.exe --webview-exe-version=2125.34901.0.0 --embedded-browser-webview=1 --gpu-preferences=SAAAAAAAAADgAAAEAAAAAAAAAAAAAGAAAQAAAAAAAAAAAAAAAAAAAAIAAAAAAAAAAAAAAAAAAAAQAAAAAAAAABAAAAAAAAAACAAAAAAAAAAIAAAAAAAAAA== --always-read-main-dll --metrics-shmem-handle=1888,i,12410694269222427169,6723505582511421325,262144 --field-trial-handle=1996,i,15680591008812997611,16114425679614372316,262144 --enable-features=msEdgeFluentOverlayScrollbar --disable-features=msSmartScreenProtection --variations-seed-version --trace",68.30510579999999,97.8466524,29.541546600000004,70.2274985,
10664,msedgewebview2.exe,1,14984,"""C:\Program Files (x86)\Microsoft\EdgeWebView\Application\145.0.3800.70\msedgewebview2.exe"" --type=utility --utility-sub-type=network.mojom.NetworkService --lang=de --service-sandbox-type=none --noerrdialogs --user-agent=""Mozilla/5.0 (Windows NT 10.0; Win64; x64; Cortana 1.18.9.23723; 10.0.0.0.26100.7840) AppleWebKit/537.36 (KHTML, like Gecko) Chrome/70.0.3538.102 Safari/537.36 Edge/18.26100 IsWebView2/True (WebView2Version 145.0.3800.70)"" --user-data-dir=""C:\Users\zomhecke\AppData\Local\Packages\MicrosoftWindows.Client.CBS_cw5n1h2txyewy\LocalState\EBWebView"" --webview-exe-name=SearchHost.exe --webview-exe-version=2125.34901.0.0 --embedded-browser-webview=1 --always-read-main-dll --metrics-shmem-handle=2288,i,13631833934877573476,16794902489290014698,524288 --field-trial-handle=1996,i,15680591008812997611,16114425679614372316,262144 --enable-features=msEdgeFluentOverlayScrollbar --disable-features=msSmartScreenProtection --variations-seed-version --trace-process-track-uuid=3190708989122997041 --mojo-platform-",68.39541179999999,97.79714969999999,29.4017379,70.87342969999999,
6440,ctfmon.exe,1,5152,/QuitInfo:0000000000000480;00000000000002D0; ,68.97938819999999,163.5483484,94.56896020000002,69.79060179999999,
6424,SenseNdr.exe,0,7028,"""C:\Program Files\Windows Defender Advanced Threat Protection\SenseNdr.exe"" -",69.1661998,163.5497509,94.38355109999999,69.5508899,
1164,backgroundTaskHost.exe,1,1456,"""C:\WINDOWS\system32\BackgroundTaskHost.exe"" -ServerName:BackgroundTaskHost.WebAccountProvider",69.2905421,72.33477959999999,3.044237499999994,70.2338475,
15472,MpCmdRun.exe,0,7140,"""C:\ProgramData\Microsoft\Windows Defender\Platform\4.18.26010.5-0\MpCmdRun.exe"" -MpCmdRunGetAadToken -UseLastLogonImpersonation",70.1337078,71.77738769999999,1.643679899999995,,
15484,RuntimeBroker.exe,1,1456,C:\Windows\System32\RuntimeBroker.exe -Embedding,70.152294,163.5504484,93.3981544,128.1568287,
15524,msedgewebview2.exe,1,14984,"""C:\Program Files (x86)\Microsoft\EdgeWebView\Application\145.0.3800.70\msedgewebview2.exe"" --type=renderer --noerrdialogs --user-agent=""Mozilla/5.0 (Windows NT 10.0; Win64; x64; Cortana 1.18.9.23723; 10.0.0.0.26100.7840) AppleWebKit/537.36 (KHTML, like Gecko) Chrome/70.0.3538.102 Safari/537.36 Edge/18.26100 IsWebView2/True (WebView2Version 145.0.3800.70)"" --user-data-dir=""C:\Users\zomhecke\AppData\Local\Packages\MicrosoftWindows.Client.CBS_cw5n1h2txyewy\LocalState\EBWebView"" --webview-exe-name=SearchHost.exe --webview-exe-version=2125.34901.0.0 --embedded-browser-webview=1 --video-capture-use-gpu-memory-buffer --lang=de --device-scale-factor=1.5 --num-raster-threads=4 --enable-main-frame-before-activation --renderer-client-id=5 --js-flags=""--expose-gc --ms-user-locale=de_DE"" --time-ticks-at-unix-epoch=-1772180572225965 --launch-time-ticks=70860520 --always-read-main-dll --metrics-shmem-handle=3528,i,17413498158416151921,11098979208200388157,2097152 --field-trial-handle=1996,i,15680591008812997611,16114425679",70.2388039,97.7979039,27.5591,77.051524,
15540,msedgewebview2.exe,1,14984,"""C:\Program Files (x86)\Microsoft\EdgeWebView\Application\145.0.3800.70\msedgewebview2.exe"" --type=utility --utility-sub-type=storage.mojom.StorageService --lang=de --service-sandbox-type=service --noerrdialogs --user-agent=""Mozilla/5.0 (Windows NT 10.0; Win64; x64; Cortana 1.18.9.23723; 10.0.0.0.26100.7840) AppleWebKit/537.36 (KHTML, like Gecko) Chrome/70.0.3538.102 Safari/537.36 Edge/18.26100 IsWebView2/True (WebView2Version 145.0.3800.70)"" --user-data-dir=""C:\Users\zomhecke\AppData\Local\Packages\MicrosoftWindows.Client.CBS_cw5n1h2txyewy\LocalState\EBWebView"" --webview-exe-name=SearchHost.exe --webview-exe-version=2125.34901.0.0 --embedded-browser-webview=1 --always-read-main-dll --metrics-shmem-handle=2416,i,337181503336778738,15368475754419352981,524288 --field-trial-handle=1996,i,15680591008812997611,16114425679614372316,262144 --enable-features=msEdgeFluentOverlayScrollbar --disable-features=msSmartScreenProtection --variations-seed-version --trace-process-track-uuid=3190708990060038890 --mojo-platform",70.28699859999999,97.7983845,27.511385900000008,92.7706544,
15644,conhost.exe,0,15472,\??\C:\WINDOWS\system32\conhost.exe 0xffffffff -ForceV1,70.57864789999999,71.7975359,1.2188880000000069,,
15824,msedgewebview2.exe,1,14984,"""C:\Program Files (x86)\Microsoft\EdgeWebView\Application\145.0.3800.70\msedgewebview2.exe"" --type=utility --utility-sub-type=proxy_resolver.mojom.ProxyResolverFactory --lang=de --service-sandbox-type=service --video-capture-use-gpu-memory-buffer --noerrdialogs --user-agent=""Mozilla/5.0 (Windows NT 10.0; Win64; x64; Cortana 1.18.9.23723; 10.0.0.0.26100.7840) AppleWebKit/537.36 (KHTML, like Gecko) Chrome/70.0.3538.102 Safari/537.36 Edge/18.26100 IsWebView2/True (WebView2Version 145.0.3800.70)"" --user-data-dir=""C:\Users\zomhecke\AppData\Local\Packages\MicrosoftWindows.Client.CBS_cw5n1h2txyewy\LocalState\EBWebView"" --webview-exe-name=SearchHost.exe --webview-exe-version=2125.34901.0.0 --embedded-browser-webview=1 --always-read-main-dll --metrics-shmem-handle=3872,i,9654701362994355522,12286303690567182149,524288 --field-trial-handle=1996,i,15680591008812997611,16114425679614372316,262144 --enable-features=msEdgeFluentOverlayScrollbar --disable-features=msSmartScreenProtection --variations-seed-version --trace-pr",70.9622728,163.5922129,92.6299401,72.3647527,
15996,ipconfig.exe,0,10616,"""C:\WINDOWS\Sysnative\ipconfig.exe"" /flushdns",71.971668,163.5603739,91.58870590000001,76.24317769999999,
16004,conhost.exe,0,15996,\??\C:\WINDOWS\system32\conhost.exe 0xffffffff -ForceV1,72.08447609999999,72.26903,0.1845539000000116,,
16196,msedgewebview2.exe,1,14984,"""C:\Program Files (x86)\Microsoft\EdgeWebView\Application\145.0.3800.70\msedgewebview2.exe"" --type=utility --utility-sub-type=proxy_resolver.mojom.ProxyResolverFactory --lang=de --service-sandbox-type=service --video-capture-use-gpu-memory-buffer --noerrdialogs --user-agent=""Mozilla/5.0 (Windows NT 10.0; Win64; x64; Cortana 1.18.9.23723; 10.0.0.0.26100.7840) AppleWebKit/537.36 (KHTML, like Gecko) Chrome/70.0.3538.102 Safari/537.36 Edge/18.26100 IsWebView2/True (WebView2Version 145.0.3800.70)"" --user-data-dir=""C:\Users\zomhecke\AppData\Local\Packages\MicrosoftWindows.Client.CBS_cw5n1h2txyewy\LocalState\EBWebView"" --webview-exe-name=SearchHost.exe --webview-exe-version=2125.34901.0.0 --embedded-browser-webview=1 --always-read-main-dll --metrics-shmem-handle=4540,i,5356135203862374992,1752092556454770288,524288 --field-trial-handle=1996,i,15680591008812997611,16114425679614372316,262144 --enable-features=msEdgeFluentOverlayScrollbar --disable-features=msSmartScreenProtection --variations-seed-version --trace-pro",73.10793579999999,97.7985528,24.690617000000003,,
16308,backgroundTaskHost.exe,1,1456,"""C:\WINDOWS\system32\BackgroundTaskHost.exe"" -ServerName:BackgroundTaskHost.WebAccountProvider",73.5154127,79.7947287,6.279315999999994,76.76213329999999,
16316,dxgiadaptercache.exe,0,2604,"""C:\WINDOWS\system32\dxgiadaptercache.exe""",73.55091689999999,84.11072519999999,10.5598083,83.6927911,
16336,tlaworker.exe,0,6668,"""C:\Program Files\Palo Alto Networks\Traps\tlaworker.exe"" TasWorkerServer_02854340",73.6300734,163.5508021,89.9207287,116.0673353,
16368,tlaworker.exe,0,6668,"""C:\Program Files\Palo Alto Networks\Traps\tlaworker.exe"" TasWorkerServer_02854340",73.6749469,163.5519727,89.8770258,124.52613419999999,
16380,tlaworker.exe,0,6668,"""C:\Program Files\Palo Alto Networks\Traps\tlaworker.exe"" TasWorkerServer_02854340",73.71447599999999,163.5525438,89.8380678,105.4066915,
1476,tlaworker.exe,0,6668,"""C:\Program Files\Palo Alto Networks\Traps\tlaworker.exe"" TasWorkerServer_02854340",73.7427886,163.5528449,89.8100563,75.4943272,
1688,tlaworker.exe,0,6668,"""C:\Program Files\Palo Alto Networks\Traps\tlaworker.exe"" TasWorkerServer_02854340",73.77813069999999,163.5549044,89.7767737,158.8719975,
1696,tlaworker.exe,0,6668,"""C:\Program Files\Palo Alto Networks\Traps\tlaworker.exe"" TasWorkerServer_02854340",73.83528109999999,163.5552653,89.71998420000001,76.79781899999999,
15848,tlaworker.exe,0,6668,"""C:\Program Files\Palo Alto Networks\Traps\tlaworker.exe"" TasWorkerServer_02854340",73.8665989,163.5557346,89.6891357,97.02259819999999,
15840,tlaworker.exe,0,6668,"""C:\Program Files\Palo Alto Networks\Traps\tlaworker.exe"" TasWorkerServer_02854340",73.90869529999999,163.5577524,89.64905710000001,87.07202539999999,
15864,ShellExperienceHost.exe,1,1456,"""C:\WINDOWS\SystemApps\ShellExperienceHost_cw5n1h2txyewy\ShellExperienceHost.exe"" -ServerName:App.AppXtk181tbxbce2qsex02s8tw7hfxa9xb3t.mca",74.51971259999999,163.5597141,89.04000150000002,76.0116269,
15748,wlrmdr.exe,1,1196, -c -s 0 -f 0 -t Empty -m Empty -a 0 -u Empty,74.96939689999999,163.5630437,88.59364680000002,82.86388529999999,
13608,RuntimeBroker.exe,1,1456,C:\Windows\System32\RuntimeBroker.exe -Embedding,77.1127252,150.8379145,73.72518930000001,77.31462599999999,
13600,SenseCE.exe,0,15284,"""C:\Program Files\Windows Defender Advanced Threat Protection\Classification\SenseCE.exe"" ""1324"" ""1328"" ""CE_{CF6E89F6-303E-4AD6-9A2B-D1DED95DA0A1}"" ""14400"" ""60""",77.1913232,78.62211889999999,1.4307956999999902,,
8444,RuntimeBroker.exe,1,1456,C:\Windows\System32\RuntimeBroker.exe -Embedding,77.7800563,163.5612542,85.78119790000001,78.07731109999999,
7216,MpCmdRun.exe,0,7140,"""C:\ProgramData\Microsoft\Windows Defender\Platform\4.18.26010.5-0\MpCmdRun.exe"" -MpCmdRunGetAadToken -UseLastLogonImpersonation",78.521749,80.31434569999999,1.79259669999999,,
13900,conhost.exe,0,7216,\??\C:\WINDOWS\system32\conhost.exe 0xffffffff -ForceV1,79.3224745,80.32272789999999,1.0002533999999912,,
14576,svchost.exe,0,1264,C:\WINDOWS\system32\svchost.exe -k netsvcs -p,80.09940549999999,135.09360850000002,54.99420300000003,80.4647531,
16096,NisSrv.exe,0,1264,"""C:\ProgramData\Microsoft\Windows Defender\Platform\4.18.26010.5-0\NisSrv.exe""",80.29683139999999,163.562278,83.2654466,82.61414409999999,
4860,SenseCE.exe,0,15284,"""C:\Program Files\Windows Defender Advanced Threat Protection\Classification\SenseCE.exe"" ""1560"" ""1760"" ""CE_{932EC61A-99E6-4F6D-A104-85431229416A}"" ""14400"" ""60""",81.8405066,163.5635196,81.72301300000001,,
14052,svchost.exe,0,1264,C:\WINDOWS\system32\svchost.exe -k LocalServiceNetworkRestricted -p -s SmsRouter,83.10913679999999,163.56451280000002,80.45537600000003,83.2633393,
5004,omadmprc.exe,0,15748,"""C:\WINDOWS\system32\omadmprc.exe""",83.7696769,148.4332335,64.6635566,83.8443655,
13140,ipconfig.exe,0,10616,"""C:\WINDOWS\Sysnative\ipconfig.exe"" /flushdns",85.4874052,163.6061621,78.11875690000001,,
1924,conhost.exe,0,13140,\??\C:\WINDOWS\system32\conhost.exe 0xffffffff -ForceV1,85.5809214,85.7749999,0.19407850000000337,,
9644,MpCmdRun.exe,0,7140,"""C:\ProgramData\Microsoft\Windows Defender\Platform\4.18.26010.5-0\MpCmdRun.exe"" -MpCmdRunGetAadToken -UseLastLogonImpersonation",86.4755536,87.1432528,0.6676992000000013,,
15196,conhost.exe,0,9644,\??\C:\WINDOWS\system32\conhost.exe 0xffffffff -ForceV1,86.6025684,87.1483624,0.5457940000000008,,
5168,nxtcod.exe,0,4064,"""C:\Program Files\Nexthink\Collector\Coordinator\nxtcod.exe""  ""-r 'HKEY_LOCAL_MACHINE\SYSTEM\CurrentControlSet\Services\Nexthink Coordinator\Modules\COD'"" ""-l 0"" ""-p \\.\pipe\coordinator_modular"" ""-f 32""",87.77876289999999,163.56661590000002,75.78785300000003,88.7433114,
7828,nxteufb.exe,0,4064,"""C:\Program Files\Nexthink\Collector\Coordinator\nxteufb.exe""  ""-r 'HKEY_LOCAL_MACHINE\SYSTEM\CurrentControlSet\Services\Nexthink Coordinator\Modules\EndUserFeedback'"" ""-l 0"" ""-p \\.\pipe\coordinator_modular"" ""-f 32""",87.87386029999999,163.5675826,75.69372230000002,88.3940932,
12740,conhost.exe,0,5168,\??\C:\WINDOWS\system32\conhost.exe 0xffffffff -ForceV1,87.9097087,163.5678154,75.6581067,,
12372,nxtupdater.exe,0,4064,"""C:\Program Files\Nexthink\Collector\Coordinator\nxtupdater.exe""  ""-r 'HKEY_LOCAL_MACHINE\SYSTEM\CurrentControlSet\Services\Nexthink Coordinator\Modules\Updater'"" ""-l 0"" ""-p \\.\pipe\coordinator_modular"" ""-f 32""",87.9963598,163.5684419,75.57208210000002,88.12820669999999,
11076,conhost.exe,0,7828,\??\C:\WINDOWS\system32\conhost.exe 0xffffffff -ForceV1,88.05562739999999,163.568716,75.5130886,,
7276,conhost.exe,0,12372,\??\C:\WINDOWS\system32\conhost.exe 0xffffffff -ForceV1,88.15337079999999,163.56890620000001,75.41553540000002,90.50427219999999,
16764,backgroundTaskHost.exe,1,1456,"""C:\WINDOWS\system32\BackgroundTaskHost.exe"" -ServerName:BackgroundTaskHost.WebAccountProvider",93.99166509999999,95.20832669999999,1.2166615999999948,94.64122889999999,
16872,smartscreen.exe,1,1456,C:\Windows\System32\smartscreen.exe -Embedding,96.35584309999999,163.5715519,67.21570880000002,96.6743628,
16968,SecurityHealthSystray.exe,1,11988,"""C:\Windows\System32\SecurityHealthSystray.exe"" ",96.95089619999999,163.5718717,66.62097550000001,97.2311543,
16992,PGStub.exe,1,11988,"""\\?\C:\Program Files\Avecto\Privilege Guard Client\PGStub.exe"" 0000000000001954",97.2938188,102.2423161,4.9484973,,
17016,SecurityHealthService.exe,0,1264,C:\WINDOWS\system32\SecurityHealthService.exe,97.34825269999999,163.5733796,66.22512690000002,97.3814072,
17024,PGMessageHostExt.exe,1,6632,"""C:\Program Files\Avecto\Privilege Guard Client\PGMessageHostExt.exe"" \\.\pipe\PG_MSGPIPE_d2039bc7-ffc5-4419-81de-9755058ab55d",97.43121769999999,102.24050679999999,4.809289100000001,97.96603599999999,
17116,MpCmdRun.exe,0,7140,"""C:\ProgramData\Microsoft\Windows Defender\Platform\4.18.26010.5-0\MpCmdRun.exe"" -MpCmdRunGetAadToken -UseLastLogonImpersonation",98.0270142,98.85619759999999,0.8291833999999909,,
17132,conhost.exe,0,17116,\??\C:\WINDOWS\system32\conhost.exe 0xffffffff -ForceV1,98.12959869999999,98.86123439999999,0.7316356999999982,,
17344,SearchHost.exe,1,1456,"""C:\WINDOWS\SystemApps\MicrosoftWindows.Client.CBS_cw5n1h2txyewy\SearchHost.exe"" -ServerName:CortanaUI.AppXstmwaab17q5s3y22tp6apqz7a45vwv65.mca",100.2121035,163.5762911,63.364187599999994,101.57580829999999,
16484,cmd.exe,1,11988,"""C:\WINDOWS\system32\cmd.exe""",102.34385209999999,163.5765854,61.23273330000001,122.08472749999999,
13932,conhost.exe,1,16484,\??\C:\WINDOWS\system32\conhost.exe 0xffffffff -ForceV1,102.56060559999999,163.5772023,61.01659670000002,104.7522082,
16676,OpenConsole.exe,1,1456,"""C:\Program Files\WindowsApps\Microsoft.WindowsTerminal_1.23.20211.0_x64__8wekyb3d8bbwe\OpenConsole.exe"" -Embedding",103.12459399999999,163.577617,60.453023000000016,104.42082869999999,
7484,SenseIR.exe,0,7028,"""C:\Program Files\Windows Defender Advanced Threat Protection\SenseIR.exe"" ""OfflineSenseIR"" ""4568"" ""eyJDb21tYW5kSWQiOiIiLCJEb3dubG9hZEZpbGVBY3Rpb25Db25maWciOm51bGwsIkRvd25sb2FkVHJ1c3RlZENlcnRpZmljYXRlc0NoYWlucyI6bnVsbCwiRW5hYmxlU2xlZXBTdXNwZW5zaW9uIjowLCJNYXhXYWl0Rm9yTmV3QWN0aW9uc0luTXMiOjEyNjAwMDAsIk9yZ0lkIjoiIiwiUnVuUHNTY3JpcHRBY3Rpb25Db25maWciOnsiZW5hYmxlIjp0cnVlfSwiYWNjZXB0U2ltdWxhdG9yU2lnbmluZyI6MCwib2ZmbGluZUlyUGlwZUhhbmRsZSI6NDQ2MH0=""",104.1241149,163.57857280000002,59.45445790000002,104.21486709999999,
16756,MpCmdRun.exe,0,7140,"""C:\ProgramData\Microsoft\Windows Defender\Platform\4.18.26010.5-0\MpCmdRun.exe"" -MpCmdRunGetAadToken -UseLastLogonImpersonation",104.8684318,105.62663149999999,0.7581996999999916,,
11952,conhost.exe,0,16756,\??\C:\WINDOWS\system32\conhost.exe 0xffffffff -ForceV1,105.0865185,105.63297779999999,0.5464592999999951,117.97523539999999,
13440,msedgewebview2.exe,1,17344,"""C:\Program Files (x86)\Microsoft\EdgeWebView\Application\145.0.3800.70\msedgewebview2.exe"" --embedded-browser-webview=1 --webview-exe-name=SearchHost.exe --webview-exe-version=2125.34901.0.0 --user-data-dir=""C:\Users\zomhecke\AppData\Local\Packages\MicrosoftWindows.Client.CBS_cw5n1h2txyewy\LocalState\EBWebView"" --noerrdialogs --disable-features=msSmartScreenProtection --edge-webview-enable-mojo-ipcz --enable-features=msEdgeFluentOverlayScrollbar --user-agent=""Mozilla/5.0 (Windows NT 10.0; Win64; x64; Cortana 1.18.9.23723; 10.0.0.0.26100.7840) AppleWebKit/537.36 (KHTML, like Gecko) Chrome/70.0.3538.102 Safari/537.36 Edge/18.26100 IsWebView2/True (WebView2Version 145.0.3800.70)"" --lang=de-DE --mojo-named-platform-channel-pipe=17344.16840.950310863042436345 /pfhostedapp:41f2faf693b8409358a7c65dd08a63555da9ce50",105.503857,163.58163910000002,58.07778210000002,107.18598949999999,
13836,dsregcmd.exe,0,2604,"""C:\WINDOWS\System32\dsregcmd.exe"" $(Arg0) $(Arg1) $(Arg2)",106.4060583,108.33110389999999,1.92504559999999,,
13844,conhost.exe,0,13836,\??\C:\WINDOWS\system32\conhost.exe 0xffffffff -ForceV1,106.48943689999999,110.6136674,4.12423050000001,,
14344,msedgewebview2.exe,1,13440,"""C:\Program Files (x86)\Microsoft\EdgeWebView\Application\145.0.3800.70\msedgewebview2.exe"" --type=crashpad-handler --user-data-dir=C:\Users\zomhecke\AppData\Local\Packages\MicrosoftWindows.Client.CBS_cw5n1h2txyewy\LocalState\EBWebView /prefetch:4 /pfhostedapp:41f2faf693b8409358a7c65dd08a63555da9ce50 --monitor-self-annotation=ptype=crashpad-handler --database=C:\Users\zomhecke\AppData\Local\Packages\MicrosoftWindows.Client.CBS_cw5n1h2txyewy\LocalState\EBWebView\Crashpad --annotation=IsOfficialBuild=1 --annotation=channel= --annotation=chromium-version=145.0.7632.110 ""--annotation=exe=C:\Program Files (x86)\Microsoft\EdgeWebView\Application\145.0.3800.70\msedgewebview2.exe"" --annotation=plat=Win64 ""--annotation=prod=Edge WebView2"" --annotation=ver=145.0.3800.70 --initial-client-data=0x17c,0x180,0x184,0x158,0x18c,0x7ffaeb2b0f18,0x7ffaeb2b0f24,0x7ffaeb2b0f30",106.60621769999999,163.5822124,56.975994700000015,,
15652,msedgewebview2.exe,1,13440,"""C:\Program Files (x86)\Microsoft\EdgeWebView\Application\145.0.3800.70\msedgewebview2.exe"" --type=gpu-process --noerrdialogs --user-agent=""Mozilla/5.0 (Windows NT 10.0; Win64; x64; Cortana 1.18.9.23723; 10.0.0.0.26100.7840) AppleWebKit/537.36 (KHTML, like Gecko) Chrome/70.0.3538.102 Safari/537.36 Edge/18.26100 IsWebView2/True (WebView2Version 145.0.3800.70)"" --user-data-dir=""C:\Users\zomhecke\AppData\Local\Packages\MicrosoftWindows.Client.CBS_cw5n1h2txyewy\LocalState\EBWebView"" --webview-exe-name=SearchHost.exe --webview-exe-version=2125.34901.0.0 --embedded-browser-webview=1 --gpu-preferences=SAAAAAAAAADgAAAEAAAAAAAAAAAAAGAAAQAAAAAAAAAAAAAAAAAAAAIAAAAAAAAAAAAAAAAAAAAQAAAAAAAAABAAAAAAAAAACAAAAAAAAAAIAAAAAAAAAA== --always-read-main-dll --metrics-shmem-handle=1888,i,14649215912267977978,10291266066319972598,262144 --field-trial-handle=2028,i,2785773715165617550,14541415807131844947,262144 --enable-features=msEdgeFluentOverlayScrollbar --disable-features=msSmartScreenProtection --variations-seed-version --trace",107.0762293,163.5838057,56.507576400000005,,
4080,msedgewebview2.exe,1,13440,"""C:\Program Files (x86)\Microsoft\EdgeWebView\Application\145.0.3800.70\msedgewebview2.exe"" --type=utility --utility-sub-type=network.mojom.NetworkService --lang=de --service-sandbox-type=none --noerrdialogs --user-agent=""Mozilla/5.0 (Windows NT 10.0; Win64; x64; Cortana 1.18.9.23723; 10.0.0.0.26100.7840) AppleWebKit/537.36 (KHTML, like Gecko) Chrome/70.0.3538.102 Safari/537.36 Edge/18.26100 IsWebView2/True (WebView2Version 145.0.3800.70)"" --user-data-dir=""C:\Users\zomhecke\AppData\Local\Packages\MicrosoftWindows.Client.CBS_cw5n1h2txyewy\LocalState\EBWebView"" --webview-exe-name=SearchHost.exe --webview-exe-version=2125.34901.0.0 --embedded-browser-webview=1 --always-read-main-dll --metrics-shmem-handle=2232,i,14825330146461886444,4280895046671306310,524288 --field-trial-handle=2028,i,2785773715165617550,14541415807131844947,262144 --enable-features=msEdgeFluentOverlayScrollbar --disable-features=msSmartScreenProtection --variations-seed-version --trace-process-track-uuid=3190708989122997041 --mojo-platform-ch",107.20026119999999,163.58504150000002,56.38478030000003,110.40941659999999,
15780,backgroundTaskHost.exe,1,1456,"""C:\WINDOWS\system32\BackgroundTaskHost.exe"" -ServerName:BackgroundTaskHost.WebAccountProvider",108.2557404,110.8138556,2.558115200000003,109.2812015,
16664,msedgewebview2.exe,1,13440,"""C:\Program Files (x86)\Microsoft\EdgeWebView\Application\145.0.3800.70\msedgewebview2.exe"" --type=renderer --noerrdialogs --user-agent=""Mozilla/5.0 (Windows NT 10.0; Win64; x64; Cortana 1.18.9.23723; 10.0.0.0.26100.7840) AppleWebKit/537.36 (KHTML, like Gecko) Chrome/70.0.3538.102 Safari/537.36 Edge/18.26100 IsWebView2/True (WebView2Version 145.0.3800.70)"" --user-data-dir=""C:\Users\zomhecke\AppData\Local\Packages\MicrosoftWindows.Client.CBS_cw5n1h2txyewy\LocalState\EBWebView"" --webview-exe-name=SearchHost.exe --webview-exe-version=2125.34901.0.0 --embedded-browser-webview=1 --video-capture-use-gpu-memory-buffer --lang=de --device-scale-factor=1.5 --num-raster-threads=4 --enable-main-frame-before-activation --renderer-client-id=5 --js-flags=""--expose-gc --ms-user-locale=de_DE"" --time-ticks-at-unix-epoch=-1772180572225974 --launch-time-ticks=109151844 --always-read-main-dll --metrics-shmem-handle=3584,i,11677914162498446172,18156311831019422302,2097152 --field-trial-handle=2028,i,2785773715165617550,14541415807",108.50928689999999,163.58607700000002,55.076790100000025,112.7142701,
5140,msedgewebview2.exe,1,13440,"""C:\Program Files (x86)\Microsoft\EdgeWebView\Application\145.0.3800.70\msedgewebview2.exe"" --type=utility --utility-sub-type=storage.mojom.StorageService --lang=de --service-sandbox-type=service --noerrdialogs --user-agent=""Mozilla/5.0 (Windows NT 10.0; Win64; x64; Cortana 1.18.9.23723; 10.0.0.0.26100.7840) AppleWebKit/537.36 (KHTML, like Gecko) Chrome/70.0.3538.102 Safari/537.36 Edge/18.26100 IsWebView2/True (WebView2Version 145.0.3800.70)"" --user-data-dir=""C:\Users\zomhecke\AppData\Local\Packages\MicrosoftWindows.Client.CBS_cw5n1h2txyewy\LocalState\EBWebView"" --webview-exe-name=SearchHost.exe --webview-exe-version=2125.34901.0.0 --embedded-browser-webview=1 --always-read-main-dll --metrics-shmem-handle=2420,i,11182585478206994065,12699325249153491916,524288 --field-trial-handle=2028,i,2785773715165617550,14541415807131844947,262144 --enable-features=msEdgeFluentOverlayScrollbar --disable-features=msSmartScreenProtection --variations-seed-version --trace-process-track-uuid=3190708990060038890 --mojo-platfor",108.7369341,163.5868573,54.84992319999999,,
13444,msedgewebview2.exe,1,13440,"""C:\Program Files (x86)\Microsoft\EdgeWebView\Application\145.0.3800.70\msedgewebview2.exe"" --type=utility --utility-sub-type=proxy_resolver.mojom.ProxyResolverFactory --lang=de --service-sandbox-type=service --noerrdialogs --user-agent=""Mozilla/5.0 (Windows NT 10.0; Win64; x64; Cortana 1.18.9.23723; 10.0.0.0.26100.7840) AppleWebKit/537.36 (KHTML, like Gecko) Chrome/70.0.3538.102 Safari/537.36 Edge/18.26100 IsWebView2/True (WebView2Version 145.0.3800.70)"" --user-data-dir=""C:\Users\zomhecke\AppData\Local\Packages\MicrosoftWindows.Client.CBS_cw5n1h2txyewy\LocalState\EBWebView"" --webview-exe-name=SearchHost.exe --webview-exe-version=2125.34901.0.0 --embedded-browser-webview=1 --always-read-main-dll --metrics-shmem-handle=4124,i,5110899017635472091,16633975485616489441,524288 --field-trial-handle=2028,i,2785773715165617550,14541415807131844947,262144 --enable-features=msEdgeFluentOverlayScrollbar --disable-features=msSmartScreenProtection --variations-seed-version --trace-process-track-uuid=3190708991934122588 --",108.94200129999999,160.4307319,51.488730600000025,,
15248,taskhostw.exe,1,2604,taskhostw.exe $(Arg0),109.05458809999999,163.5873498,54.53276170000001,109.63421349999999,
17168,omadmclient.exe,0,2604,"""C:\WINDOWS\system32\omadmclient.exe"" /serverid ""1CB9CACB-E0DB-406F-A832-2C2FA984AF46"" /lookuptype 1 /initiator 0",110.1198429,125.44091359999999,15.321070699999993,110.33888379999999,
1376,MpCmdRun.exe,0,7140,"""C:\ProgramData\Microsoft\Windows Defender\Platform\4.18.26010.5-0\MpCmdRun.exe"" -MpCmdRunGetAadToken -UseLastLogonImpersonation",111.50722699999999,112.07245289999999,0.5652259000000015,,
15080,conhost.exe,0,1376,\??\C:\WINDOWS\system32\conhost.exe 0xffffffff -ForceV1,111.59733929999999,112.08048679999999,0.4831475000000012,,
17112,powershell.exe,0,7484,"C:\WINDOWS\system32\WindowsPowerShell\v1.0\powershell.exe -ExecutionPolicy AllSigned -NoProfile -NonInteractive -Command ""& {if ($ExecutionContext.SessionState.LanguageMode -eq 'FullLanguage') {$OutputEncoding = [Console]::OutputEncoding =[System.Text.Encoding]::UTF8}else {chcp 65001}; &  'C:\ProgramData\Microsoft\Windows Defender Advanced Threat Protection\DataCollection\8824.14770012.0.14770012.14770012-dec5ebcf8f5aaa54009b8d052dc6b4b7b48cb0fd\05f2c576-9ed5-41eb-9b1e-1b653eebfdff.ps1' }""",115.4716481,116.27006399999999,0.7984158999999948,116.1998708,
17064,conhost.exe,0,17112,\??\C:\WINDOWS\system32\conhost.exe 0xffffffff -ForceV1,115.80893939999999,116.2737363,0.4647969000000103,,
13972,TrustedInstaller.exe,0,1264,C:\WINDOWS\servicing\TrustedInstaller.exe,117.1837494,163.587956,46.404206599999995,117.46700879999999,
9220,TiWorker.exe,0,1456,C:\WINDOWS\winsxs\amd64_microsoft-windows-servicingstack_31bf3856ad364e35_10.0.26100.7839_none_a4f84013776fc963\TiWorker.exe -Embedding,117.6564648,163.588827,45.932362200000014,117.77969359999999,
9208,MpCmdRun.exe,0,7140,"""C:\ProgramData\Microsoft\Windows Defender\Platform\4.18.26010.5-0\MpCmdRun.exe"" -MpCmdRunGetAadToken -UseLastLogonImpersonation",117.99005,118.64470539999999,0.6546553999999958,,
5512,conhost.exe,0,9208,\??\C:\WINDOWS\system32\conhost.exe 0xffffffff -ForceV1,118.10269709999999,118.650847,0.5481499000000127,,
16772,svchost.exe,0,1264,C:\WINDOWS\system32\svchost.exe -k netsvcs -p,120.85452169999999,163.5894276,42.7349059,151.3167105,
12532,wpr.exe,1,16484,wpr  stop C:\TEMP\bootLog.etl,122.0890438,122.49965549999999,0.4106116999999898,,
13984,MpCmdRun.exe,0,7140,"""C:\ProgramData\Microsoft\Windows Defender\Platform\4.18.26010.5-0\MpCmdRun.exe"" -MpCmdRunGetAadToken -UseLastLogonImpersonation",124.4083843,125.07768329999999,0.6692989999999952,,
12416,SecEdit.exe,0,3968,"C:\WINDOWS\system32\secedit.exe /quiet /export /cfg ""C:\WINDOWS\TEMP\nexthink_gpo_dump""",124.459441,125.4869203,1.027479299999996,125.2099478,
16940,conhost.exe,0,13984,\??\C:\WINDOWS\system32\conhost.exe 0xffffffff -ForceV1,124.5032179,125.0859172,0.5826993000000016,,
16980,conhost.exe,0,12416,\??\C:\WINDOWS\system32\conhost.exe 0xffffffff -ForceV1,124.5678662,125.49312549999999,0.9252592999999933,,
6340,omadmclient.exe,0,2604,"""C:\WINDOWS\system32\omadmclient.exe"" /serverid ""906E1477-50EA-43FA-80C5-F8B2A9B683A1"" /lookuptype 1 /initiator 0",125.60176659999999,138.392286,12.790519400000022,127.2830077,
17220,RtkAudUService64.exe,1,11988,"""C:\Windows\System32\DriverStore\FileRepository\realtekservice.inf_amd64_434f4faf6aa034b3\RtkAudUService64.exe"" -background",127.6720749,163.5906587,35.91858380000001,,
5348,svchost.exe,0,1264,C:\WINDOWS\System32\svchost.exe -k LocalSystemNetworkRestricted -p,129.39761810000002,163.5914168,34.193798699999974,129.60058080000002,
6060,wpr.exe,1,16484,wpr  -stop C:\TEMP\bootLog.etl,130.1429156,130.8578869,0.714971300000002,130.4820694,
16252,MpCmdRun.exe,0,7140,"""C:\ProgramData\Microsoft\Windows Defender\Platform\4.18.26010.5-0\MpCmdRun.exe"" -MpCmdRunGetAadToken -UseLastLogonImpersonation",130.9002041,131.5074492,0.6072451000000001,,
13132,conhost.exe,0,16252,\??\C:\WINDOWS\system32\conhost.exe 0xffffffff -ForceV1,131.007454,131.5126155,0.505161500000014,,
15740,appidpolicyconverter.exe,0,2604,"""C:\WINDOWS\system32\appidpolicyconverter.exe""",132.3413022,134.5918834,2.250581199999999,133.3009863,
16080,conhost.exe,0,15740,\??\C:\WINDOWS\system32\conhost.exe 0xffffffff -ForceV1,132.4779488,134.5991735,2.121224699999999,,
12920,SecurityHealthHost.exe,1,1456,\\?\C:\Windows\System32\SecurityHealth\10.0.29510.1001-0\SecurityHealthHost.exe {08728914-3F57-4D52-9E31-49DAECA5A80A} -Embedding,135.5164995,136.5182719,1.001772399999993,135.80934290000002,
7456,MpCmdRun.exe,0,7140,"""C:\ProgramData\Microsoft\Windows Defender\Platform\4.18.26010.5-0\MpCmdRun.exe"" -MpCmdRunGetAadToken -UseLastLogonImpersonation",137.2863548,137.8645758,0.5782210000000134,,
5020,conhost.exe,0,7456,\??\C:\WINDOWS\system32\conhost.exe 0xffffffff -ForceV1,137.3724389,137.87346870000002,0.5010298000000262,,
13388,sppsvc.exe,0,1264,C:\WINDOWS\system32\sppsvc.exe,137.5785234,163.59219190000002,26.013668500000023,,
2160,wpr.exe,1,16484,wpr  -boottrace -stop C:\TEMP\bootLog.etl,142.8203331,143.08450200000001,0.2641689000000156,,
16264,cysandbox.exe,0,6668,"""C:\Program Files\Palo Alto Networks\Traps\cysandbox.exe"" 1dca861f-3271-4363-879f-b3ac6139afbc",144.8323834,163.5939171,18.7615337,144.8691518,
15788,cysandbox.exe,0,6668,"""C:\Program Files\Palo Alto Networks\Traps\cysandbox.exe"" 839f7d54-d5b7-405f-bf78-8d3a848fe2bf",145.01798870000002,163.5945835,18.57659479999998,145.08685540000002,
8060,svchost.exe,0,1264,C:\WINDOWS\System32\svchost.exe -k netsvcs -p -s NetSetupSvc,154.2683731,163.5951148,9.326741700000014,154.81275,
14200,dllhost.exe,1,1456,C:\WINDOWS\system32\DllHost.exe /Processid:{AB8902B4-09CA-4BB6-B78D-A8F59079A8D5},155.5715918,161.24077590000002,5.669184100000024,,
16700,svchost.exe,0,1264,C:\WINDOWS\system32\svchost.exe -k LocalSystemNetworkRestricted -p -s fhsvc,155.75227180000002,163.5958848,7.843612999999976,156.1513387,
4988,svchost.exe,0,1264,C:\WINDOWS\System32\svchost.exe -k NetSvcs -p -s NcaSvc,155.7524555,156.3232947,0.5708391999999947,,
15624,svchost.exe,0,1264,C:\WINDOWS\system32\svchost.exe -k netsvcs -p -s wuauserv,155.7524701,163.59726940000002,7.844799300000005,155.9087625,
7340,svchost.exe,0,1264,C:\WINDOWS\System32\svchost.exe -k NetworkService -p,155.7539645,157.07818120000002,1.3242167000000222,155.7741359,
360,svchost.exe,0,1264,C:\WINDOWS\system32\svchost.exe -k LocalSystemNetworkRestricted -s WPDBusEnum,155.7546479,163.5979361,7.843288199999989,156.19020410000002,
7256,gpscript.exe,0,1044,gpscript.exe /Startup,155.7593176,163.5986014,7.839283800000004,,
14648,svchost.exe,0,1264,C:\WINDOWS\system32\svchost.exe -k wusvcs -p -s WaaSMedicSvc,156.1435936,163.59911350000002,7.455519900000013,156.2921207,
16544,mobsync.exe,1,1456,C:\WINDOWS\System32\mobsync.exe -Embedding,157.21806,163.5998228,6.38176279999999,157.3790313,
14164,cmd.exe,0,7256,"C:\WINDOWS\system32\cmd.exe /c """"\\cznet.zeiss.org\SysVol\cznet.zeiss.org\Policies\{50EF54C1-7492-4C96-8079-DF8820F717ED}\Machine\Scripts\Startup\ServiceLauncher.cmd"" """,157.6215601,160.1818983,2.5603381999999897,158.0243263,
12208,WavesSvc64.exe,1,11988,"""C:\Windows\System32\DriverStore\FileRepository\wavesapo10de.inf_amd64_db3f3288eba6a142\WavesSvc64.exe"" -Jack",158.0677399,163.60118980000001,5.533449900000022,158.4769886,
2672,powershell.exe,0,7256, -ExecutionPolicy ByPass -File Layout.ps1 Remove-Item LayoutModification.xml,158.29327320000002,163.6026513,5.309378099999975,158.8938098,
4112,conhost.exe,0,2672,\??\C:\WINDOWS\system32\conhost.exe 0xffffffff -ForceV1,158.4423332,163.6030047,5.1606715000000065,,
14128,cmd.exe,0,14164,C:\WINDOWS\system32\cmd.exe /c ver,158.66748760000002,159.2326839,0.5651962999999967,,
6176,expand.exe,1,12208,"""C:\Windows\System32\expand.exe"" ""C:\Users\zomhecke\AppData\Local\Temp\MaxxAudio_Data.cab"" ""-F:DeployTable.ini"" ""C:\Users\zomhecke\AppData\Local\Temp""",158.8711644,159.6106279,0.7394634999999994,,
13436,conhost.exe,1,6176,\??\C:\WINDOWS\system32\conhost.exe 0xffffffff -ForceV1,159.2108923,159.61478060000002,0.40388830000000553,,
8696,wpr.exe,1,16484,wpr  -stopboot C:\TEMP\bootLog.etl,159.4711023,163.60348530000002,4.132383000000004,159.853892,
5100,cmd.exe,0,14164,"C:\WINDOWS\system32\cmd.exe /c sc query ""Service Launcher""",159.5926301,159.9302016,0.3375714999999957,,
5912,sc.exe,0,5100,"sc  query ""Service Launcher""",159.7946562,159.92392,0.12926380000001814,,
12428,unsecapp.exe,1,1456,C:\WINDOWS\system32\wbem\unsecapp.exe -Embedding,160.5403255,163.6041119,3.063786399999998,,
6044,msedgewebview2.exe,1,13440,"""C:\Program Files (x86)\Microsoft\EdgeWebView\Application\145.0.3800.70\msedgewebview2.exe"" --type=utility --utility-sub-type=proxy_resolver.mojom.ProxyResolverFactory --lang=de --service-sandbox-type=service --video-capture-use-gpu-memory-buffer --noerrdialogs --user-agent=""Mozilla/5.0 (Windows NT 10.0; Win64; x64; Cortana 1.18.9.23723; 10.0.0.0.26100.7840) AppleWebKit/537.36 (KHTML, like Gecko) Chrome/70.0.3538.102 Safari/537.36 Edge/18.26100 IsWebView2/True (WebView2Version 145.0.3800.70)"" --user-data-dir=""C:\Users\zomhecke\AppData\Local\Packages\MicrosoftWindows.Client.CBS_cw5n1h2txyewy\LocalState\EBWebView"" --webview-exe-name=SearchHost.exe --webview-exe-version=2125.34901.0.0 --embedded-browser-webview=1 --always-read-main-dll --metrics-shmem-handle=4132,i,10007190208152372152,6373433784027469917,524288 --field-trial-handle=2028,i,2785773715165617550,14541415807131844947,262144 --enable-features=msEdgeFluentOverlayScrollbar --disable-features=msSmartScreenProtection --variations-seed-version --trace-pro",162.464553,163.6046628,1.1401098000000047,,
14584,CcmExec.exe,0,1264,C:\WINDOWS\CCM\CcmExec.exe,162.7276407,163.6052694,0.8776287000000025,162.8059312,
11164,ServiceShell.exe,0,1264,"""C:\Program Files (x86)\Dell\UpdateService\ServiceShell.exe""",163.0310662,163.6057786,0.5747124000000099,163.4947313,
